EVI,NDVI,NDWI,rainfall,temp,label
2.172271791,0.28347513,-0.2509821,1581.458054,24.07165434,1
2.372675829,0.27013347,-0.23600538,1581.458054,24.07165434,1
2.649611695,0.27128157,-0.230421,1581.458054,24.07165434,1
2.287467134,0.24857143,-0.2150139,1581.458054,24.07165434,0
1.799635701,0.23062558,-0.2055797,1581.458054,24.07165434,0
1.797593772,0.23345588,-0.20819266,1581.458054,24.07165434,0
1.883116883,0.25754884,-0.23157208,1581.458054,24.07165434,1
2.092259848,0.27268633,-0.24274406,1581.458054,24.07165434,1
2.317666126,0.26432532,-0.2263559,1581.458054,24.07165434,1
2.204875962,0.24356249,-0.21039319,1581.458054,24.07165434,0
2.645215211,0.28785813,-0.24456163,1581.458054,24.07165434,1
2.826439578,0.3138226,-0.26156506,1581.458054,24.07165434,1
2.278232406,0.3104371,-0.2620275,1581.458054,24.07165434,1
2.297207447,0.30320317,-0.25740898,1581.458054,24.07165434,1
1.563706564,0.19499278,-0.17407759,1581.458054,24.07165434,0
1.519642857,0.19934411,-0.17836593,1581.458054,24.07165434,0
2.001455604,0.24401064,-0.2130651,1581.458054,24.07165434,0
1.971778685,0.23822342,-0.20340091,1581.458054,24.07165434,0
1.987554905,0.2462585,-0.20579201,1581.458054,24.07165434,0
2.142072501,0.26339486,-0.22962314,1581.458054,24.07165434,1
2.649805447,0.29907772,-0.2587234,1581.458054,24.07165434,1
2.425959781,0.29693443,-0.24859974,1581.458054,24.07165434,1
2.194800921,0.29474148,-0.25106746,1581.458054,24.07165434,1
2.325735051,0.30476192,-0.26373166,1581.458054,24.07165434,1
2.458966565,0.34034497,-0.28831378,1581.458054,24.07165434,1
2.860759494,0.337026,-0.28817734,1581.458054,24.07165434,1
1.926940639,0.20268972,-0.17448406,1581.458054,24.07165434,0
1.540837337,0.20854622,-0.1865025,1581.458054,24.07165434,0
1.586097946,0.22694394,-0.20141655,1581.458054,24.07165434,0
1.488095238,0.19758251,-0.17197452,1581.458054,24.07165434,0
1.479250335,0.2042514,-0.18212746,1581.458054,24.07165434,0
1.51226158,0.24267599,-0.22262852,1581.458054,24.07165434,0
1.831914309,0.28370905,-0.26434857,1581.458054,24.07165434,1
1.921257652,0.29565403,-0.26162183,1581.458054,24.07165434,1
2.204142012,0.31607977,-0.27131146,1581.458054,24.07165434,1
2.342723005,0.31857842,-0.2707137,1581.458054,24.07165434,1
2.341492185,0.3355875,-0.28403088,1581.458054,24.07165434,1
2.786764706,0.3292789,-0.27606338,1581.458054,24.07165434,1
1.830307521,0.22891566,-0.20108695,1581.458054,24.07165434,0
1.672951663,0.22385322,-0.19775534,1581.458054,24.07165434,0
1.538209249,0.21386229,-0.19372198,1581.458054,24.07165434,0
1.521982116,0.1912901,-0.16804408,1581.458054,24.07165434,0
1.871320437,0.20611393,-0.17668323,1581.458054,24.07165434,0
1.753694581,0.23712255,-0.21553229,1581.458054,24.07165434,0
1.595225176,0.25721785,-0.24173687,1581.458054,24.07165434,1
1.749311295,0.27524924,-0.24846171,1581.458054,24.07165434,1
2.136981968,0.2876304,-0.25842696,1581.458054,24.07165434,1
1.825028969,0.26923078,-0.2416388,1581.458054,24.07165434,1
1.760641238,0.277077,-0.24354087,1581.458054,24.07165434,1
2.405017921,0.29862037,-0.25640473,1581.458054,24.07165434,1
2.56592827,0.38231826,-0.33055976,1581.458054,24.07165434,1
1.927374302,0.2717724,-0.23712218,1581.458054,24.07165434,1
1.530054645,0.21675774,-0.19740085,1581.458054,24.07165434,0
1.428571429,0.20315398,-0.1785552,1581.458054,24.07165434,0
1.534622583,0.22102426,-0.19315189,1581.458054,24.07165434,0
1.515410959,0.23361197,-0.22019146,1581.458054,24.07165434,0
1.472148541,0.24374177,-0.23157208,1581.458054,24.07165434,0
1.413409267,0.24010554,-0.22715405,1581.458054,24.07165434,0
1.46594563,0.2210712,-0.20513378,1581.458054,24.07165434,0
1.015876954,0.18212141,-0.17558603,1581.458054,24.07165434,0
1.079056865,0.17951085,-0.18114603,1581.458054,24.07165434,0
1.502940159,0.20656049,-0.18542737,1581.458054,24.07165434,0
3.016500516,0.5435119,-0.4721607,1581.458054,24.07165434,2
3.149350649,0.4827527,-0.41732284,1581.458054,24.07165434,2
2.767552829,0.3358147,-0.287109,1581.458054,24.07165434,1
2.119543846,0.2440018,-0.21270962,1581.458054,24.07165434,0
1.841222512,0.22413793,-0.19327731,1581.458054,24.07165434,0
1.872523118,0.24662897,-0.21672681,1581.458054,24.07165434,0
1.482254697,0.24588744,-0.23044036,1581.458054,24.07165434,0
1.384266263,0.23963335,-0.23317412,1581.458054,24.07165434,0
1.420305103,0.23580787,-0.22590427,1581.458054,24.07165434,0
1.459086428,0.19964029,-0.18236206,1581.458054,24.07165434,0
1.09962406,0.16212471,-0.15280642,1581.458054,24.07165434,0
1.273478588,0.16181384,-0.1573942,1581.458054,24.07165434,0
1.147540984,0.16546069,-0.15903094,1581.458054,24.07165434,0
3.112324493,0.52088773,-0.44720498,1581.458054,24.07165434,2
3.302401747,0.44518027,-0.3777622,1581.458054,24.07165434,2
2.496124031,0.2847038,-0.24560651,1581.458054,24.07165434,1
2.03229618,0.23911029,-0.20858757,1581.458054,24.07165434,0
1.787492222,0.25136733,-0.21805792,1581.458054,24.07165434,1
1.734664765,0.25632378,-0.23702781,1581.458054,24.07165434,1
1.480439785,0.24839126,-0.2372449,1581.458054,24.07165434,0
1.463157895,0.24364592,-0.22830556,1581.458054,24.07165434,0
1.540585312,0.24366812,-0.22074582,1581.458054,24.07165434,0
1.329509906,0.17728853,-0.16620754,1581.458054,24.07165434,0
1.020338983,0.14353839,-0.13434248,1581.458054,24.07165434,0
1.057104011,0.14844869,-0.14707986,1581.458054,24.07165434,0
1.280915467,0.16500238,-0.15811865,1581.458054,24.07165434,0
2.910487288,0.41456056,-0.35795763,1581.458054,24.07165434,2
2.683103698,0.31435853,-0.2656985,1581.458054,24.07165434,1
1.331192006,0.17804296,-0.15570123,1581.458054,24.07165434,0
1.668424754,0.2171128,-0.19282511,1581.458054,24.07165434,0
1.794212219,0.24668436,-0.21998702,1581.458054,24.07165434,0
1.552890529,0.22494432,-0.20772947,1581.458054,24.07165434,0
1.748143564,0.24944812,-0.22404844,1581.458054,24.07165434,0
1.677946983,0.26085052,-0.23063757,1581.458054,24.07165434,1
1.672194583,0.2608883,-0.2371483,1581.458054,24.07165434,1
1.228597176,0.18735684,-0.17979063,1581.458054,24.07165434,0
0.934154176,0.16225012,-0.1574074,1581.458054,24.07165434,0
1.024368231,0.16095486,-0.16068053,1581.458054,24.07165434,0
1.294706724,0.17188984,-0.1625059,1581.458054,24.07165434,0
1.782834101,0.262845,-0.24020016,1581.458054,24.07165434,1
2.09190372,0.2180657,-0.18456078,1581.458054,24.07165434,0
1.352965404,0.15781888,-0.13974935,1581.458054,24.07165434,0
1.775771257,0.21513218,-0.18726341,1581.458054,24.07165434,0
1.877811094,0.22679946,-0.19699647,1581.458054,24.07165434,0
1.537944929,0.2116451,-0.18642534,1581.458054,24.07165434,0
1.650403769,0.22629757,-0.19729729,1581.458054,24.07165434,0
1.664622931,0.24514672,-0.22960322,1581.458054,24.07165434,0
1.815249267,0.26948193,-0.2531156,1581.458054,24.07165434,1
1.669124152,0.2486819,-0.22552824,1581.458054,24.07165434,0
1.470345964,0.23668508,-0.22076789,1581.458054,24.07165434,0
1.355386417,0.21035893,-0.1967655,1581.458054,24.07165434,0
1.198918269,0.18566775,-0.180176,1581.458054,24.07165434,0
0.734797297,0.15223098,-0.16265725,1581.458054,24.07165434,0
1.368623962,0.20219058,-0.18429004,1581.458054,24.07165434,0
1.399842271,0.16737388,-0.13891444,1581.458054,24.07165434,0
1.284680338,0.15342137,-0.13408877,1581.458054,24.07165434,0
1.66437414,0.21860886,-0.19486271,1581.458054,24.07165434,0
1.721002059,0.22585003,-0.19964743,1581.458054,24.07165434,0
1.547919294,0.22369021,-0.19643652,1581.458054,24.07165434,0
1.84706317,0.2293578,-0.19910514,1581.458054,24.07165434,0
1.766286098,0.23865698,-0.21983914,1581.458054,24.07165434,0
2.16449454,0.27365842,-0.25411093,1581.458054,24.07165434,1
3.435768262,0.3069307,-0.26069024,1581.458054,24.07165434,1
2.922105263,0.30817053,-0.26982757,1581.458054,24.07165434,1
2.749381698,0.29500222,-0.25342464,1581.458054,24.07165434,1
1.858974359,0.2605742,-0.24045719,1581.458054,24.07165434,1
0.80831643,0.1667713,-0.17562725,1608.071743,25.42752808,0
1.391116595,0.19737418,-0.17778735,1608.071743,25.42752808,0
1.356898518,0.16674452,-0.1416819,1608.071743,25.42752808,0
1.716315307,0.17520468,-0.15176524,1608.071743,25.42752808,0
1.578947368,0.21380547,-0.19321437,1608.071743,25.42752808,0
1.344009151,0.21076234,-0.19574845,1608.071743,25.42752808,0
1.389452333,0.21613704,-0.19592199,1608.071743,25.42752808,0
1.696078431,0.23516086,-0.21128638,1608.071743,25.42752808,0
1.896162528,0.2606383,-0.23170203,1608.071743,25.42752808,1
2.688483844,0.28934464,-0.26233086,1608.071743,25.42752808,1
3.465246068,0.3131591,-0.26139617,1608.071743,25.42752808,1
3.42737722,0.30119374,-0.25066197,1608.071743,25.42752808,1
3.135215453,0.28996792,-0.24684525,1608.071743,25.42752808,1
2.224080268,0.29077393,-0.2601921,1608.071743,25.42752808,1
0.862275449,0.17763157,-0.18371564,1608.071743,25.42752808,0
1.385789783,0.20379965,-0.18865913,1608.071743,25.42752808,0
1.669322709,0.19071461,-0.16060337,1608.071743,25.42752808,0
1.692406692,0.18234342,-0.15746607,1608.071743,25.42752808,0
1.600253004,0.22192982,-0.20319586,1608.071743,25.42752808,0
1.434937611,0.21649484,-0.19717689,1608.071743,25.42752808,0
1.512090603,0.22252253,-0.20301418,1608.071743,25.42752808,0
1.643814272,0.23755911,-0.21808511,1608.071743,25.42752808,0
2.247771836,0.2778145,-0.24064171,1608.071743,25.42752808,1
3.665291691,0.2853211,-0.24422735,1608.071743,25.42752808,1
3.069636457,0.28191864,-0.22792792,1608.071743,25.42752808,1
3.14059647,0.24641834,-0.20027593,1608.071743,25.42752808,0
2.62207528,0.24565166,-0.20627595,1608.071743,25.42752808,0
2.006892025,0.27027625,-0.23692705,1608.071743,25.42752808,1
1.100893997,0.18442447,-0.17837377,1608.071743,25.42752808,0
1.418901328,0.22889543,-0.21209611,1608.071743,25.42752808,0
1.596040829,0.22395833,-0.20307167,1608.071743,25.42752808,0
1.554817276,0.2087422,-0.1901625,1608.071743,25.42752808,0
1.511958998,0.23137255,-0.21391752,1608.071743,25.42752808,0
1.340798163,0.209511,-0.19662672,1608.071743,25.42752808,0
1.573685908,0.22121488,-0.20053476,1608.071743,25.42752808,0
1.909312022,0.24679992,-0.22156216,1608.071743,25.42752808,0
2.25239071,0.2896991,-0.24222551,1608.071743,25.42752808,1
2.613856589,0.25442111,-0.21572211,1608.071743,25.42752808,1
2.762875536,0.24605829,-0.20601156,1608.071743,25.42752808,0
2.585446527,0.22733882,-0.1887324,1608.071743,25.42752808,0
2.224989622,0.24953446,-0.21889192,1608.071743,25.42752808,0
1.524616199,0.24891962,-0.22717622,1608.071743,25.42752808,0
1.537780401,0.22274476,-0.20777027,1608.071743,25.42752808,0
1.397430014,0.24665856,-0.22605059,1608.071743,25.42752808,0
1.401553106,0.22813456,-0.21598709,1608.071743,25.42752808,0
1.343098312,0.22551063,-0.2039312,1608.071743,25.42752808,0
1.363636364,0.24484749,-0.22864117,1608.071743,25.42752808,0
1.773596545,0.2494577,-0.22735989,1608.071743,25.42752808,0
1.661084044,0.24239057,-0.22069417,1608.071743,25.42752808,0
2.160028705,0.26755556,-0.23196544,1608.071743,25.42752808,1
2.569153395,0.2772501,-0.22092521,1608.071743,25.42752808,1
2.990740741,0.23639913,-0.18939216,1608.071743,25.42752808,0
3.305555556,0.2319688,-0.1862975,1608.071743,25.42752808,0
2.133098281,0.23180076,-0.19683574,1608.071743,25.42752808,0
2.436102236,0.27378815,-0.2382199,1608.071743,25.42752808,1
1.255474453,0.2231834,-0.21477664,1608.071743,25.42752808,0
1.197768281,0.21490948,-0.2043919,1608.071743,25.42752808,0
1.389949109,0.26131153,-0.24468923,1608.071743,25.42752808,1
0.95264624,0.20710537,-0.21101661,1608.071743,25.42752808,0
0.799787196,0.1838565,-0.19703215,1608.071743,25.42752808,0
0.942960434,0.19237861,-0.19360131,1608.071743,25.42752808,0
1.355912477,0.23838755,-0.2300813,1608.071743,25.42752808,0
1.580044469,0.24809077,-0.22562674,1608.071743,25.42752808,0
1.696750903,0.24977857,-0.2264233,1608.071743,25.42752808,0
2.462535439,0.27167115,-0.22041166,1608.071743,25.42752808,1
3.190591074,0.25202477,-0.1896786,1608.071743,25.42752808,1
2.906091371,0.22495088,-0.18087122,1608.071743,25.42752808,0
3.191056911,0.22964408,-0.18431556,1608.071743,25.42752808,0
1.847599165,0.2466326,-0.21228546,1608.071743,25.42752808,0
1.688199828,0.25632083,-0.233997,1608.071743,25.42752808,1
1.074321105,0.19702928,-0.19546248,1608.071743,25.42752808,0
1.235194585,0.23229912,-0.22644497,1608.071743,25.42752808,0
1.221160779,0.25794783,-0.24820551,1608.071743,25.42752808,1
0.825831025,0.18921062,-0.19609016,1608.071743,25.42752808,0
0.876395987,0.18676886,-0.1927833,1608.071743,25.42752808,0
1.098364139,0.21319588,-0.21394677,1608.071743,25.42752808,0
1.414772727,0.26051477,-0.24720497,1608.071743,25.42752808,1
1.588054703,0.24967091,-0.22811557,1608.071743,25.42752808,0
1.745696655,0.2420626,-0.22823425,1608.071743,25.42752808,0
2.062543921,0.26429537,-0.22406277,1608.071743,25.42752808,1
3.574720211,0.2569806,-0.20180996,1608.071743,25.42752808,1
4.253218884,0.24354878,-0.18667917,1608.071743,25.42752808,0
3.259577279,0.240673,-0.19268636,1608.071743,25.42752808,0
1.664572864,0.2411283,-0.2140632,1608.071743,25.42752808,0
1.082607672,0.20282187,-0.20070423,1608.071743,25.42752808,0
0.971305231,0.17218097,-0.17881395,1608.071743,25.42752808,0
1.020602219,0.24655436,-0.24417272,1608.071743,25.42752808,0
1.228163049,0.25873607,-0.25129342,1608.071743,25.42752808,1
0.950838415,0.19499804,-0.20062819,1608.071743,25.42752808,0
0.995090634,0.20577899,-0.21098039,1608.071743,25.42752808,0
1.391274864,0.25117323,-0.23878787,1608.071743,25.42752808,1
1.920080785,0.28458413,-0.25690377,1608.071743,25.42752808,1
1.72017673,0.25704226,-0.23850824,1608.071743,25.42752808,1
1.691449814,0.24440466,-0.22683142,1608.071743,25.42752808,0
1.676441838,0.23328044,-0.19929454,1608.071743,25.42752808,0
2.507163324,0.24049473,-0.19876051,1608.071743,25.42752808,0
3.265671642,0.25716972,-0.20152774,1608.071743,25.42752808,1
2.6085031,0.27281147,-0.22898032,1608.071743,25.42752808,1
1.480165779,0.22583559,-0.20354767,1608.071743,25.42752808,0
0.929954895,0.16260728,-0.15510486,1608.071743,25.42752808,0
0.779105236,0.14285715,-0.14901593,1608.071743,25.42752808,0
1.229796205,0.2651515,-0.2556391,1608.071743,25.42752808,1
1.220560748,0.2457659,-0.23877245,1608.071743,25.42752808,0
1.151358344,0.21073402,-0.20313725,1608.071743,25.42752808,0
1.347935973,0.24960998,-0.23515806,1608.071743,25.42752808,0
1.845174973,0.2887967,-0.25799918,1608.071743,25.42752808,1
2.255694342,0.27410713,-0.23898415,1608.071743,25.42752808,1
2.337121212,0.27458835,-0.23608114,1608.071743,25.42752808,1
1.779661017,0.25812116,-0.23587753,1608.071743,25.42752808,1
1.757973734,0.21594837,-0.18989626,1608.071743,25.42752808,0
2.146946565,0.21067415,-0.17358747,1608.071743,25.42752808,0
2.113480579,0.24988744,-0.21647677,1608.071743,25.42752808,0
1.943972835,0.29447064,-0.26359832,1608.071743,25.42752808,1
1.576811594,0.2426405,-0.22032413,1608.071743,25.42752808,0
1.1695747,0.19508867,-0.18645598,1608.071743,25.42752808,0
0.995260664,0.1856764,-0.1862008,1608.071743,25.42752808,0
1.446420531,0.259334,-0.2430279,1608.071743,25.42752808,1
2.315504401,0.29381442,-0.25762004,1608.071743,25.42752808,1
2.558139535,0.27949184,-0.24174373,1608.071743,25.42752808,1
2.706576728,0.28533334,-0.24601465,1608.071743,25.42752808,1
1.880053908,0.24755989,-0.21942759,1608.071743,25.42752808,0
2.14527027,0.20991735,-0.1736143,1608.071743,25.42752808,0
1.806302844,0.21860465,-0.18124436,1608.071743,25.42752808,0
1.771628499,0.24722593,-0.21988279,1608.071743,25.42752808,0
1.854066986,0.26863086,-0.23936509,1608.071743,25.42752808,1
1.669642857,0.2507823,-0.22076789,1608.071743,25.42752808,1
1.686956522,0.2517301,-0.22367865,1608.071743,25.42752808,1
1.700944969,0.25779274,-0.22931248,1608.071743,25.42752808,1
-14.64552239,0.30869052,-0.25679758,1581.458054,24.07165434,1
-9.131868132,0.33015496,-0.26149207,1581.458054,24.07165434,1
-8.657648283,0.33306646,-0.26231995,1581.458054,24.07165434,1
-6.474789916,0.31074813,-0.2490392,1581.458054,24.07165434,1
-6.822541966,0.24099958,-0.19299674,1581.458054,24.07165434,0
-6.478215768,0.25768515,-0.20379147,1581.458054,24.07165434,1
-16.39484979,0.30341542,-0.24459614,1581.458054,24.07165434,1
-24.60843373,0.31926534,-0.26536733,1581.458054,24.07165434,1
-15.951417,0.31319556,-0.25675163,1581.458054,24.07165434,1
-9.91025641,0.31081626,-0.24952088,1581.458054,24.07165434,1
-10.61381074,0.32371294,-0.25796887,1581.458054,24.07165434,1
-13.2278481,0.32605305,-0.25786164,1581.458054,24.07165434,1
-9.163201663,0.33949548,-0.2751604,1581.458054,24.07165434,1
-13.77808989,0.36212623,-0.2951913,1581.458054,24.07165434,1
-3.485675307,0.2238283,-0.17099749,1581.458054,24.07165434,0
-5.433996383,0.25326592,-0.19991931,1581.458054,24.07165434,1
-9.173076923,0.2879855,-0.23552124,1581.458054,24.07165434,1
-6.005244755,0.28029376,-0.22434647,1581.458054,24.07165434,1
-6.606498195,0.2939759,-0.23685221,1581.458054,24.07165434,1
-21.72774869,0.32120743,-0.26914498,1581.458054,24.07165434,1
20.31707317,0.3183034,-0.2609649,1581.458054,24.07165434,1
-26.05095541,0.31754658,-0.25193655,1581.458054,24.07165434,1
-7.988450433,0.32346064,-0.25731212,1581.458054,24.07165434,1
-14.20221169,0.33860642,-0.27383512,1581.458054,24.07165434,1
-14.86389685,0.37693006,-0.3010642,1581.458054,24.07165434,1
-9.361007463,0.36940917,-0.2889813,1581.458054,24.07165434,1
-2.502374169,0.23083661,-0.1703457,1581.458054,24.07165434,0
-5.069018405,0.27645338,-0.21714856,1581.458054,24.07165434,1
-6.817269076,0.28139246,-0.22431202,1581.458054,24.07165434,1
-3.548206278,0.27039728,-0.1987102,1581.458054,24.07165434,1
-4.419642857,0.27032137,-0.2086331,1581.458054,24.07165434,1
-7.103746398,0.29692832,-0.23470949,1581.458054,24.07165434,1
-11.97329377,0.31634653,-0.26478344,1581.458054,24.07165434,1
-9.782352941,0.32423475,-0.25777778,1581.458054,24.07165434,1
-13.88263666,0.33002102,-0.26224157,1581.458054,24.07165434,1
-21.28995434,0.34697676,-0.2746479,1581.458054,24.07165434,1
-13.53785901,0.37805322,-0.29496402,1581.458054,24.07165434,1
-11.17579909,0.36489004,-0.2804196,1581.458054,24.07165434,1
-4.162436548,0.2735613,-0.21746063,1581.458054,24.07165434,1
-5.593289689,0.28402245,-0.22521809,1581.458054,24.07165434,1
-4.431345354,0.27087748,-0.20619594,1581.458054,24.07165434,1
-3.145833333,0.25900516,-0.19349593,1581.458054,24.07165434,1
-3.140535373,0.27616647,-0.212218,1581.458054,24.07165434,1
-4.747155499,0.30540872,-0.23699422,1581.458054,24.07165434,1
-4.936868687,0.31711274,-0.25453845,1581.458054,24.07165434,1
-4.71018914,0.310539,-0.24827586,1581.458054,24.07165434,1
-24.88817891,0.30252427,-0.25102574,1581.458054,24.07165434,1
-51.61290323,0.3028009,-0.25300327,1581.458054,24.07165434,1
-39.19047619,0.31091803,-0.25679103,1581.458054,24.07165434,1
-15.3271028,0.31393567,-0.25118482,1581.458054,24.07165434,1
-28.28282828,0.397445,-0.3281619,1581.458054,24.07165434,1
-9.238521837,0.32416502,-0.25793207,1581.458054,24.07165434,1
-4.855233853,0.27432886,-0.21084097,1581.458054,24.07165434,1
-3.324742268,0.27135044,-0.21122244,1581.458054,24.07165434,1
-4.497487437,0.29296234,-0.2334114,1581.458054,24.07165434,1
-4.088427948,0.30459535,-0.24485837,1581.458054,24.07165434,1
-4.564134496,0.30251753,-0.24644549,1581.458054,24.07165434,1
-4.423815621,0.286841,-0.22747971,1581.458054,24.07165434,1
-19.83180428,0.26028496,-0.21470019,1581.458054,24.07165434,1
-112.1296296,0.24234541,-0.20403413,1581.458054,24.07165434,0
-8.761127596,0.23873055,-0.19968677,1581.458054,24.07165434,0
-11.36792453,0.24299254,-0.20531873,1581.458054,24.07165434,0
6.364605544,0.5156925,-0.4339417,1581.458054,24.07165434,2
19.29319372,0.4667511,-0.38475338,1581.458054,24.07165434,2
-16.00340136,0.3544256,-0.2797153,1581.458054,24.07165434,1
-5.89198036,0.29339853,-0.22832817,1581.458054,24.07165434,1
-4.158529581,0.29335493,-0.23433875,1581.458054,24.07165434,1
-7.363636364,0.30847865,-0.24342857,1581.458054,24.07165434,1
-3.289473684,0.3007051,-0.231978,1581.458054,24.07165434,1
-4.146919431,0.29166666,-0.23260437,1581.458054,24.07165434,1
-7.911547912,0.2665563,-0.21476777,1581.458054,24.07165434,1
-10.18518519,0.24385329,-0.20358814,1581.458054,24.07165434,0
-6.7625,0.22018722,-0.18873909,1581.458054,24.07165434,0
-4.518581081,0.22098306,-0.17815863,1581.458054,24.07165434,0
-13.60824742,0.21728395,-0.17942584,1581.458054,24.07165434,0
7.183222958,0.48756367,-0.4130373,1581.458054,24.07165434,2
12.5617284,0.41042018,-0.3465982,1581.458054,24.07165434,2
-15.16472868,0.30264938,-0.2511144,1581.458054,24.07165434,1
-13.86569873,0.29867083,-0.24186915,1581.458054,24.07165434,1
-18.42920354,0.31927943,-0.25528812,1581.458054,24.07165434,1
-9.521028037,0.31798673,-0.25529543,1581.458054,24.07165434,1
-5.093271153,0.30512872,-0.24666412,1581.458054,24.07165434,1
-6.954459203,0.29664102,-0.24089853,1581.458054,24.07165434,1
-6.833156217,0.26106375,-0.21328124,1581.458054,24.07165434,1
-6.898648649,0.20926419,-0.17811501,1581.458054,24.07165434,0
-26.22340426,0.20163599,-0.17614092,1581.458054,24.07165434,0
-14.45833333,0.2133634,-0.17600317,1581.458054,24.07165434,0
-6.111111111,0.22099221,-0.17661004,1581.458054,24.07165434,0
22.07207207,0.41567695,-0.35147393,1581.458054,24.07165434,2
104.6753247,0.30763358,-0.25817114,1581.458054,24.07165434,1
-12.68162393,0.24101523,-0.20031422,1581.458054,24.07165434,0
95.06410256,0.28557673,-0.23997028,1581.458054,24.07165434,1
47.54601227,0.29934338,-0.24986067,1581.458054,24.07165434,1
-61.66666667,0.28883684,-0.2443942,1581.458054,24.07165434,1
31.14285714,0.29380053,-0.25419933,1581.458054,24.07165434,1
-53.08724832,0.30528754,-0.25888702,1581.458054,24.07165434,1
-61.44144144,0.26454616,-0.22602482,1581.458054,24.07165434,1
-17.00331126,0.20568797,-0.18224666,1581.458054,24.07165434,0
-72.57352941,0.20040609,-0.17301588,1581.458054,24.07165434,0
158.75,0.20734695,-0.17380953,1581.458054,24.07165434,0
-8.113496933,0.21778509,-0.17614314,1581.458054,24.07165434,0
-86.73469388,0.3219697,-0.26495108,1581.458054,24.07165434,1
-333.4210526,0.25355214,-0.20973349,1581.458054,24.07165434,1
-51.62280702,0.23792197,-0.19609375,1581.458054,24.07165434,0
77.23404255,0.28161365,-0.233296,1581.458054,24.07165434,1
-36.06060606,0.28110236,-0.22792453,1581.458054,24.07165434,1
-223.125,0.27956146,-0.23274235,1581.458054,24.07165434,1
112.6153846,0.2857143,-0.2378805,1581.458054,24.07165434,1
-158.75,0.29307693,-0.24795842,1581.458054,24.07165434,1
16.53614458,0.30767792,-0.26126125,1581.458054,24.07165434,1
83.29896907,0.30262172,-0.25923243,1581.458054,24.07165434,1
217.3529412,0.28281668,-0.23462246,1581.458054,24.07165434,1
67.14285714,0.25663027,-0.21310242,1581.458054,24.07165434,1
-5.285996055,0.2227764,-0.1834272,1581.458054,24.07165434,0
-4.402173913,0.26955074,-0.20062943,1581.458054,24.07165434,1
-9.495912807,0.27757865,-0.21515152,1581.458054,24.07165434,1
-17.77108434,0.2384802,-0.20015667,1581.458054,24.07165434,0
-43.25,0.24273401,-0.20294917,1581.458054,24.07165434,0
21.16071429,0.2744114,-0.2288798,1581.458054,24.07165434,1
37.62430939,0.26695412,-0.21870287,1581.458054,24.07165434,1
-29.27966102,0.27066198,-0.22368917,1581.458054,24.07165434,1
-10.25718608,0.27033493,-0.21975498,1581.458054,24.07165434,1
-137.2222222,0.28598997,-0.2414307,1581.458054,24.07165434,1
25.08522727,0.3252302,-0.28042704,1581.458054,24.07165434,1
-16.11111111,0.36196768,-0.3040422,1581.458054,24.07165434,1
-28.68421053,0.35947233,-0.3022113,1581.458054,24.07165434,1
-11.7611336,0.33005112,-0.27477315,1581.458054,24.07165434,1
-2.934249264,0.25665236,-0.1995084,1581.458054,24.07165434,1
-5.392628205,0.27413443,-0.20912254,1608.071743,25.42752808,1
-5.953002611,0.2751408,-0.21038565,1608.071743,25.42752808,1
-23.99224806,0.24909456,-0.20684293,1608.071743,25.42752808,0
36.11764706,0.24442676,-0.20230769,1608.071743,25.42752808,0
13.96793587,0.2667432,-0.2268347,1608.071743,25.42752808,1
21.87096774,0.2605688,-0.22525215,1608.071743,25.42752808,1
13.77593361,0.25836575,-0.21899736,1608.071743,25.42752808,1
29.53389831,0.2690081,-0.22869955,1608.071743,25.42752808,1
3935,0.29754254,-0.25301206,1608.071743,25.42752808,1
23.83248731,0.34611133,-0.28863797,1608.071743,25.42752808,1
-18.21621622,0.37210158,-0.30532214,1608.071743,25.42752808,1
-10.24070022,0.35240963,-0.2906935,1608.071743,25.42752808,1
-6.948946515,0.33385244,-0.27360594,1608.071743,25.42752808,1
-2.034373904,0.26032317,-0.19337016,1608.071743,25.42752808,1
-5.86512866,0.27101272,-0.20575652,1608.071743,25.42752808,1
-8.37622549,0.27225652,-0.21629855,1608.071743,25.42752808,1
-117.037037,0.25019795,-0.20857252,1608.071743,25.42752808,1
51.85483871,0.25485533,-0.21256223,1608.071743,25.42752808,1
122.9464286,0.26547137,-0.22599925,1608.071743,25.42752808,1
26.92913386,0.26327944,-0.22554144,1608.071743,25.42752808,1
15.57522124,0.27181467,-0.2259025,1608.071743,25.42752808,1
253,0.28892273,-0.23938507,1608.071743,25.42752808,1
-16.52610442,0.31233397,-0.25745454,1608.071743,25.42752808,1
-10.17435321,0.34087056,-0.28216216,1608.071743,25.42752808,1
-9.022556391,0.3271028,-0.2664437,1608.071743,25.42752808,1
-7.169338677,0.29055837,-0.23513408,1608.071743,25.42752808,1
-4.546089385,0.2702366,-0.21766813,1608.071743,25.42752808,1
-2.308718861,0.22913907,-0.179911,1608.071743,25.42752808,0
-5.500807754,0.27739307,-0.21127848,1608.071743,25.42752808,1
-23.88888889,0.30046585,-0.24350408,1608.071743,25.42752808,1
-11.2,0.28526646,-0.23215628,1608.071743,25.42752808,1
-20.51771117,0.2908459,-0.236404,1608.071743,25.42752808,1
28.57692308,0.28391287,-0.23665808,1608.071743,25.42752808,1
52.76923077,0.26568553,-0.22442862,1608.071743,25.42752808,1
169.5121951,0.2692755,-0.23019151,1608.071743,25.42752808,1
135.6034483,0.29551005,-0.25701785,1608.071743,25.42752808,1
-12.86135693,0.33030304,-0.27154237,1608.071743,25.42752808,1
-13.10116086,0.31225297,-0.25,1608.071743,25.42752808,1
-3.803370787,0.281263,-0.22041947,1608.071743,25.42752808,1
-3.554038005,0.25758553,-0.20098643,1608.071743,25.42752808,1
-3.185816383,0.24994609,-0.1943128,1608.071743,25.42752808,0
-2.887554585,0.22811557,-0.17929606,1608.071743,25.42752808,0
-4.281183932,0.32477948,-0.23884514,1608.071743,25.42752808,1
-7.237288136,0.33203733,-0.25747845,1608.071743,25.42752808,1
-5.716385011,0.31020734,-0.2404681,1608.071743,25.42752808,1
-7.221189591,0.3067509,-0.23970038,1608.071743,25.42752808,1
-28.62190813,0.31034482,-0.25504586,1608.071743,25.42752808,1
-527.5,0.28585252,-0.23955224,1608.071743,25.42752808,1
34.16666667,0.28319263,-0.23989618,1608.071743,25.42752808,1
64.84848485,0.319403,-0.2714851,1608.071743,25.42752808,1
-22.89256198,0.32147002,-0.2642487,1608.071743,25.42752808,1
-5.519017433,0.28763163,-0.22274509,1608.071743,25.42752808,1
-2.554517134,0.25131348,-0.2018503,1608.071743,25.42752808,1
-2.359875445,0.23923337,-0.17838766,1608.071743,25.42752808,0
-2.081581161,0.22347629,-0.16760017,1608.071743,25.42752808,0
-1.24327957,0.17387219,-0.12547871,1608.071743,25.42752808,0
-5.498034076,0.3299253,-0.25212884,1608.071743,25.42752808,1
-9.385775862,0.34090018,-0.26048565,1608.071743,25.42752808,1
-3.259118901,0.28810722,-0.2069845,1608.071743,25.42752808,1
-2.924203273,0.28421932,-0.20977917,1608.071743,25.42752808,1
-4.294653015,0.3050505,-0.23470949,1608.071743,25.42752808,1
-9.463894967,0.33256438,-0.26265937,1608.071743,25.42752808,1
-8.605927552,0.30890465,-0.24233358,1608.071743,25.42752808,1
-8.491471215,0.31022397,-0.24592593,1608.071743,25.42752808,1
-22.04081633,0.3267776,-0.26894554,1608.071743,25.42752808,1
-6.968085106,0.3131474,-0.24753974,1608.071743,25.42752808,1
-3.243927126,0.27475354,-0.20747057,1608.071743,25.42752808,1
-2.134120624,0.23126143,-0.18261632,1608.071743,25.42752808,0
-1.548520303,0.21449,-0.15294118,1608.071743,25.42752808,0
-1.069364162,0.16476992,-0.113528855,1608.071743,25.42752808,0
-0.687732342,0.13329902,-0.08232981,1608.071743,25.42752808,0
-8.450046685,0.34241393,-0.27031866,1608.071743,25.42752808,1
-11.79861111,0.32869026,-0.2569546,1608.071743,25.42752808,1
-3.693693694,0.27470687,-0.20602219,1608.071743,25.42752808,1
-3.890728477,0.2902429,-0.21472868,1608.071743,25.42752808,1
-4.889434889,0.31587303,-0.24521217,1608.071743,25.42752808,1
-7.854545455,0.33205226,-0.2700623,1608.071743,25.42752808,1
-4.726277372,0.31067574,-0.24638784,1608.071743,25.42752808,1
-4.677615572,0.30871135,-0.24570118,1608.071743,25.42752808,1
-10.11111111,0.31904948,-0.2629616,1608.071743,25.42752808,1
-4.456054087,0.2960392,-0.23070958,1608.071743,25.42752808,1
-2.097488922,0.25244445,-0.18502943,1608.071743,25.42752808,1
-1.56848829,0.21148326,-0.1509091,1608.071743,25.42752808,0
-1.02398524,0.1682668,-0.10807572,1608.071743,25.42752808,0
-0.538805137,0.10271421,-0.060388945,1608.071743,25.42752808,0
-0.465384615,0.09866811,-0.052878354,1608.071743,25.42752808,0
-10.62153163,0.3580247,-0.2777191,1608.071743,25.42752808,1
-6.891233766,0.3304788,-0.2510981,1608.071743,25.42752808,1
-4.655948553,0.29406986,-0.22444274,1608.071743,25.42752808,1
-5.371389271,0.31103146,-0.23992467,1608.071743,25.42752808,1
-6.633145615,0.3198836,-0.2548875,1608.071743,25.42752808,1
-8.635892116,0.3209948,-0.26701182,1608.071743,25.42752808,1
-5.03518874,0.31292248,-0.25170583,1608.071743,25.42752808,1
-6.586620926,0.30868167,-0.24464832,1608.071743,25.42752808,1
-11.85691318,0.2919058,-0.23894477,1608.071743,25.42752808,1
-5.01899696,0.27008793,-0.21613155,1608.071743,25.42752808,1
-3.230730731,0.2732275,-0.21388216,1608.071743,25.42752808,1
-1.955350269,0.23410138,-0.17301796,1608.071743,25.42752808,0
-0.727450433,0.13599582,-0.08258706,1608.071743,25.42752808,0
-0.267337808,0.066965535,-0.018181818,1608.071743,25.42752808,0
-0.369369369,0.09126322,-0.032920726,1608.071743,25.42752808,0
-8.657407407,0.35058117,-0.27459306,1608.071743,25.42752808,1
-6.37782982,0.31876707,-0.25138837,1608.071743,25.42752808,1
-7.320075758,0.3063813,-0.24612476,1608.071743,25.42752808,1
-7.023907667,0.33023256,-0.25760353,1608.071743,25.42752808,1
-8.687430478,0.30377284,-0.24194147,1608.071743,25.42752808,1
-7.025316456,0.3067509,-0.24529722,1608.071743,25.42752808,1
-7.991803279,0.3073286,-0.24502814,1608.071743,25.42752808,1
-4.447086801,0.30112723,-0.2350019,1608.071743,25.42752808,1
-4.83785822,0.2617833,-0.21088701,1608.071743,25.42752808,1
-5.032921811,0.25326154,-0.20174742,1608.071743,25.42752808,1
-5.322580645,0.27363184,-0.2175981,1608.071743,25.42752808,1
-2.414248021,0.24607798,-0.17846546,1608.071743,25.42752808,0
-0.73630137,0.14629678,-0.08901044,1608.071743,25.42752808,0
-0.320945946,0.084070794,-0.032665964,1608.071743,25.42752808,0
-0.398550725,0.09680968,-0.03881219,1608.071743,25.42752808,0
-7.870905588,0.31728154,-0.24614254,1608.071743,25.42752808,1
-7.785132383,0.3008066,-0.23820224,1608.071743,25.42752808,1
-5.818997756,0.309467,-0.2441421,1608.071743,25.42752808,1
-5.880503145,0.2999198,-0.23269962,1608.071743,25.42752808,1
-2.709281165,0.25751352,-0.1898527,1608.071743,25.42752808,1
-1.850594228,0.20110701,-0.14865461,1608.071743,25.42752808,0
-1.706512778,0.19454888,-0.14711191,1608.071743,25.42752808,0
-1.576319544,0.20692883,-0.15813118,1608.071743,25.42752808,0
-1.217285453,0.1953125,-0.1349096,1608.071743,25.42752808,0
-0.744874124,0.14986946,-0.0944334,1608.071743,25.42752808,0
-0.564266784,0.1350066,-0.083207265,1608.071743,25.42752808,0
-0.711132908,0.15263158,-0.08657901,1608.071743,25.42752808,0
5.90356212,0.48797128,-0.42847294,1581.458054,24.07165434,2
5.014825797,0.4868658,-0.42531908,1581.458054,24.07165434,2
5.21921464,0.48910326,-0.43131867,1581.458054,24.07165434,2
6.052516411,0.4909478,-0.42687276,1581.458054,24.07165434,2
5.740982182,0.47330707,-0.41160315,1581.458054,24.07165434,2
4.643598616,0.47894362,-0.42503437,1581.458054,24.07165434,2
5.357561547,0.48738003,-0.42676896,1581.458054,24.07165434,2
5.708757637,0.49795702,-0.42721733,1581.458054,24.07165434,2
6.124780316,0.49679258,-0.4290575,1581.458054,24.07165434,2
5.090972708,0.50363445,-0.44271007,1581.458054,24.07165434,2
5.442828817,0.5345667,-0.46559206,1581.458054,24.07165434,2
4.656497438,0.58116555,-0.5077605,1581.458054,24.07165434,2
4.276825785,0.59433025,-0.5161073,1581.458054,24.07165434,2
4.705142857,0.5899126,-0.5104819,1581.458054,24.07165434,2
5.137779553,0.46858495,-0.41349694,1581.458054,24.07165434,2
5.023059185,0.4726944,-0.40753543,1581.458054,24.07165434,2
4.715947981,0.48692578,-0.42042193,1581.458054,24.07165434,2
5.432242991,0.48964548,-0.42919683,1581.458054,24.07165434,2
5.698289902,0.49131122,-0.4283793,1581.458054,24.07165434,2
5.926759411,0.50025904,-0.43960232,1581.458054,24.07165434,2
4.760122019,0.5425952,-0.47076553,1581.458054,24.07165434,2
4.156459897,0.5943503,-0.5125285,1581.458054,24.07165434,2
3.928635307,0.60618186,-0.52276295,1581.458054,24.07165434,2
4.033491081,0.604144,-0.5247474,1581.458054,24.07165434,2
4.210526316,0.6043478,-0.5249903,1581.458054,24.07165434,2
4.262428688,0.59029347,-0.510587,1581.458054,24.07165434,2
6.154879141,0.488802,-0.4230377,1581.458054,24.07165434,2
7.494675186,0.49621013,-0.42847526,1581.458054,24.07165434,2
6.200787402,0.49938348,-0.4320323,1581.458054,24.07165434,2
5.500794913,0.49147728,-0.43100512,1581.458054,24.07165434,2
5.814102564,0.48597965,-0.42368242,1581.458054,24.07165434,2
5.8882402,0.49301675,-0.434418,1581.458054,24.07165434,2
4.605939463,0.53146625,-0.46301544,1581.458054,24.07165434,2
4.550438596,0.5658234,-0.48890808,1581.458054,24.07165434,2
4.472137571,0.586079,-0.504329,1581.458054,24.07165434,2
4.770419426,0.5991128,-0.51629865,1581.458054,24.07165434,2
4.253007373,0.60087717,-0.5202395,1581.458054,24.07165434,2
3.911376605,0.59825444,-0.5149948,1581.458054,24.07165434,2
6.790640394,0.4906567,-0.4223128,1581.458054,24.07165434,2
6.090322581,0.4964937,-0.4293369,1581.458054,24.07165434,2
5.625252118,0.49007204,-0.4271289,1581.458054,24.07165434,2
5.154135338,0.48668796,-0.42255434,1581.458054,24.07165434,2
5.579739626,0.49043447,-0.42349726,1581.458054,24.07165434,2
5.397877984,0.50238055,-0.43967557,1581.458054,24.07165434,2
5.501858736,0.5189341,-0.45077026,1581.458054,24.07165434,2
5.85007728,0.51956075,-0.4556213,1581.458054,24.07165434,2
4.80474617,0.5295481,-0.46759847,1581.458054,24.07165434,2
5.444625407,0.5419031,-0.4761018,1581.458054,24.07165434,2
5.447667087,0.5468354,-0.4812121,1581.458054,24.07165434,2
4.721936148,0.5594875,-0.4853988,1581.458054,24.07165434,2
4.9106204,0.4866273,-0.43095955,1581.458054,24.07165434,2
5.197908887,0.48945147,-0.43059778,1581.458054,24.07165434,2
6.475760456,0.4856532,-0.42058623,1581.458054,24.07165434,2
5.075018755,0.48132336,-0.42140296,1581.458054,24.07165434,2
5.188394876,0.48777896,-0.426146,1581.458054,24.07165434,2
6.196489726,0.5081622,-0.44451916,1581.458054,24.07165434,2
5.65821256,0.5036732,-0.44739565,1581.458054,24.07165434,2
6.505009107,0.50954163,-0.44832307,1581.458054,24.07165434,2
5.400379507,0.50514734,-0.44808742,1581.458054,24.07165434,2
5.832612457,0.49260274,-0.42792243,1581.458054,24.07165434,2
6.435096154,0.4885928,-0.4306262,1581.458054,24.07165434,2
6.06411398,0.4924078,-0.42812663,1581.458054,24.07165434,2
4.858974359,0.5066845,-0.4488189,1581.458054,24.07165434,2
4.878169246,0.5000844,-0.4447334,1581.458054,24.07165434,2
5.058262712,0.4926913,-0.43803844,1581.458054,24.07165434,2
5.043478261,0.48807853,-0.422252,1581.458054,24.07165434,2
5.236356649,0.48358473,-0.42249447,1581.458054,24.07165434,2
5.287313433,0.4977169,-0.439082,1581.458054,24.07165434,2
6.479276896,0.51624805,-0.45393297,1581.458054,24.07165434,2
6.243339254,0.50758123,-0.44723618,1581.458054,24.07165434,2
5.73814433,0.50334597,-0.4405546,1581.458054,24.07165434,2
5.543345543,0.49527273,-0.43500262,1581.458054,24.07165434,2
6.534526854,0.47945204,-0.4139168,1581.458054,24.07165434,2
6.101364522,0.47245282,-0.41121158,1581.458054,24.07165434,2
6.909492274,0.47245282,-0.41428053,1581.458054,24.07165434,2
4.038206421,0.5043075,-0.4518708,1581.458054,24.07165434,2
5.088333333,0.5140596,-0.4493875,1581.458054,24.07165434,2
5.033863867,0.508814,-0.44335297,1581.458054,24.07165434,2
4.689184903,0.5060756,-0.44120538,1581.458054,24.07165434,2
5.177179305,0.5046632,-0.4385733,1581.458054,24.07165434,2
5.204616999,0.5152355,-0.44661158,1581.458054,24.07165434,2
5.250529287,0.51882845,-0.45588234,1581.458054,24.07165434,2
4.651539708,0.50940716,-0.45020464,1581.458054,24.07165434,2
5.487900078,0.50394267,-0.44341245,1581.458054,24.07165434,2
5.807269653,0.4967462,-0.44,1581.458054,24.07165434,2
6.303816047,0.48159224,-0.42053396,1581.458054,24.07165434,2
8.832740214,0.47240198,-0.41064915,1581.458054,24.07165434,2
9.078751857,0.46358117,-0.40854326,1581.458054,24.07165434,2
4.269931323,0.4900617,-0.43545726,1581.458054,24.07165434,2
5.615754438,0.51905656,-0.447557,1581.458054,24.07165434,2
5.927530524,0.5184292,-0.4447722,1581.458054,24.07165434,2
4.786900658,0.51806,-0.45324674,1581.458054,24.07165434,2
5.051874163,0.5158039,-0.44825333,1581.458054,24.07165434,2
6.042834267,0.51935315,-0.44834372,1581.458054,24.07165434,2
5.452554745,0.51481736,-0.45226297,1581.458054,24.07165434,2
4.678548695,0.50865054,-0.44538373,1581.458054,24.07165434,2
4.452366505,0.5080492,-0.44501576,1581.458054,24.07165434,2
5.427163198,0.51875764,-0.45405948,1581.458054,24.07165434,2
7.241735537,0.50686914,-0.4437132,1581.458054,24.07165434,2
7.10467706,0.47861966,-0.42284787,1581.458054,24.07165434,2
7.954545455,0.46754467,-0.4125317,1581.458054,24.07165434,2
4.73426131,0.50840837,-0.44437215,1581.458054,24.07165434,2
5.573649149,0.5175258,-0.4440811,1581.458054,24.07165434,2
5.361271676,0.5145631,-0.44348976,1581.458054,24.07165434,2
4.734872115,0.51527494,-0.45217958,1581.458054,24.07165434,2
5.227826087,0.5152554,-0.44918033,1581.458054,24.07165434,2
4.834500318,0.51931626,-0.45205033,1581.458054,24.07165434,2
4.953565506,0.5159786,-0.4510582,1581.458054,24.07165434,2
4.993197279,0.5111421,-0.44714904,1581.458054,24.07165434,2
5.239334027,0.5205928,-0.4556252,1581.458054,24.07165434,2
5.875980575,0.5323181,-0.4696527,1581.458054,24.07165434,2
5.584077381,0.51776475,-0.45647135,1581.458054,24.07165434,2
5.998694517,0.4955959,-0.43423548,1581.458054,24.07165434,2
8.811914324,0.48660135,-0.4156987,1581.458054,24.07165434,2
5.053571429,0.52240306,-0.45805207,1581.458054,24.07165434,2
4.514792899,0.51519245,-0.45383868,1581.458054,24.07165434,2
5.532355154,0.5103245,-0.43772712,1581.458054,24.07165434,2
6.1946533,0.51261663,-0.44374794,1581.458054,24.07165434,2
4.877850163,0.5103084,-0.44978738,1581.458054,24.07165434,2
5.0314778,0.5162332,-0.44969934,1581.458054,24.07165434,2
4.893754024,0.51771116,-0.4458144,1581.458054,24.07165434,2
5.448877805,0.5233533,-0.44898292,1581.458054,24.07165434,2
6.411917098,0.5136631,-0.44374794,1581.458054,24.07165434,2
6.212367779,0.52133834,-0.4514658,1581.458054,24.07165434,2
6.250972763,0.5373808,-0.47166187,1581.458054,24.07165434,2
5.003180662,0.5273215,-0.46495175,1581.458054,24.07165434,2
5.626349892,0.5264399,-0.4609929,1581.458054,24.07165434,2
7.930107527,0.51268685,-0.4463277,1581.458054,24.07165434,2
5.868978805,0.51855636,-0.45585114,1608.071743,25.42752808,2
6.313733553,0.52006775,-0.44984657,1608.071743,25.42752808,2
6.084043849,0.516457,-0.44475457,1608.071743,25.42752808,2
5.768783888,0.5131783,-0.45046234,1608.071743,25.42752808,2
5.285815102,0.5133653,-0.44786885,1608.071743,25.42752808,2
5.502926116,0.51603496,-0.4456255,1608.071743,25.42752808,2
5.996391339,0.51560074,-0.44652846,1608.071743,25.42752808,2
5.639183056,0.51538193,-0.44495717,1608.071743,25.42752808,2
5.674051821,0.5158757,-0.44413725,1608.071743,25.42752808,2
5.969507428,0.51780266,-0.44620356,1608.071743,25.42752808,2
6.194236084,0.53024673,-0.4611165,1608.071743,25.42752808,2
5.706099815,0.52419764,-0.46117532,1608.071743,25.42752808,2
5.799086758,0.5212038,-0.45406997,1608.071743,25.42752808,2
6.17003367,0.5079695,-0.44249254,1608.071743,25.42752808,2
5.759785111,0.5086411,-0.44874716,1608.071743,25.42752808,2
4.129273504,0.5156771,-0.45501122,1608.071743,25.42752808,2
4.774390244,0.52869684,-0.46300486,1608.071743,25.42752808,2
6.381606325,0.52400476,-0.45371577,1608.071743,25.42752808,2
6.022589754,0.5142956,-0.44391525,1608.071743,25.42752808,2
5.408887229,0.5044402,-0.4428858,1608.071743,25.42752808,2
4.847818735,0.500786,-0.43823233,1608.071743,25.42752808,2
4.732201176,0.50051814,-0.43722084,1608.071743,25.42752808,2
4.733498606,0.5138772,-0.4553687,1608.071743,25.42752808,2
5.985614308,0.5214225,-0.4513732,1608.071743,25.42752808,2
5.83460076,0.52380955,-0.45454547,1608.071743,25.42752808,2
5.46975089,0.525111,-0.45691907,1608.071743,25.42752808,2
6.10064154,0.5227624,-0.45192465,1608.071743,25.42752808,2
4.996598639,0.50533193,-0.4427959,1608.071743,25.42752808,2
6.093814861,0.5048143,-0.43498933,1608.071743,25.42752808,2
4.912931312,0.5097875,-0.44476464,1608.071743,25.42752808,2
4.774242424,0.5243801,-0.45929584,1608.071743,25.42752808,2
5.297619048,0.5236174,-0.4558304,1608.071743,25.42752808,2
5.403081333,0.51362395,-0.44379467,1608.071743,25.42752808,2
5.559743686,0.5070471,-0.4468647,1608.071743,25.42752808,2
5.160370634,0.50347704,-0.43463835,1608.071743,25.42752808,2
5.43064877,0.5009458,-0.43316913,1608.071743,25.42752808,2
6.053557467,0.5246485,-0.44810942,1608.071743,25.42752808,2
5.418106427,0.5283019,-0.4632258,1608.071743,25.42752808,2
5.459770115,0.5191257,-0.4528826,1608.071743,25.42752808,2
5.289880534,0.5194066,-0.45466557,1608.071743,25.42752808,2
5.801393728,0.516457,-0.4497529,1608.071743,25.42752808,2
5.491428571,0.5014785,-0.44010678,1608.071743,25.42752808,2
5.337720817,0.5179832,-0.44604546,1608.071743,25.42752808,2
5.555952807,0.51627904,-0.44613436,1608.071743,25.42752808,2
5.612389381,0.52249134,-0.4535158,1608.071743,25.42752808,2
4.831745086,0.529969,-0.46489444,1608.071743,25.42752808,2
4.907910628,0.5307755,-0.46203026,1608.071743,25.42752808,2
5.009836066,0.5141319,-0.44880876,1608.071743,25.42752808,2
4.708676377,0.5076818,-0.43679842,1608.071743,25.42752808,2
4.207217059,0.5148879,-0.44965583,1608.071743,25.42752808,2
6.213461538,0.53769344,-0.46341464,1608.071743,25.42752808,2
5.218253968,0.5298858,-0.46448088,1608.071743,25.42752808,2
6.688110027,0.51973796,-0.44761905,1608.071743,25.42752808,2
6.45175064,0.52013767,-0.45454547,1608.071743,25.42752808,2
6.222871452,0.5139607,-0.4464021,1608.071743,25.42752808,2
5.89653751,0.50131416,-0.43469524,1608.071743,25.42752808,2
4.829059829,0.51936966,-0.45328936,1608.071743,25.42752808,2
4.564911293,0.5278411,-0.45578653,1608.071743,25.42752808,2
5.034711265,0.5247492,-0.45329154,1608.071743,25.42752808,2
5.5036471,0.52198976,-0.44873002,1608.071743,25.42752808,2
5.37241149,0.52642775,-0.46069527,1608.071743,25.42752808,2
4.719432959,0.52462244,-0.45808476,1608.071743,25.42752808,2
4.897610922,0.49534002,-0.43088356,1608.071743,25.42752808,2
4.798668885,0.49689868,-0.43319038,1608.071743,25.42752808,2
4.681400689,0.5342286,-0.4692597,1608.071743,25.42752808,2
5.380843413,0.5382603,-0.47553325,1608.071743,25.42752808,2
5.74583635,0.5316583,-0.46070287,1608.071743,25.42752808,2
5.963338534,0.5230927,-0.4577603,1608.071743,25.42752808,2
5.724879496,0.5251701,-0.45868576,1608.071743,25.42752808,2
5.77887538,0.5182283,-0.44910568,1608.071743,25.42752808,2
5.521998509,0.51157165,-0.44900662,1608.071743,25.42752808,2
5.147530468,0.52127314,-0.45987222,1608.071743,25.42752808,2
4.902752843,0.52897495,-0.45857716,1608.071743,25.42752808,2
4.723372781,0.52181727,-0.45590994,1608.071743,25.42752808,2
4.371734946,0.5179153,-0.45080948,1608.071743,25.42752808,2
4.55667789,0.52590674,-0.4579208,1608.071743,25.42752808,2
4.328968903,0.5218678,-0.45809704,1608.071743,25.42752808,2
6.209208762,0.48994708,-0.41887808,1608.071743,25.42752808,2
5.395981087,0.48452148,-0.41422313,1608.071743,25.42752808,2
4.648367953,0.52051836,-0.4587185,1608.071743,25.42752808,2
5.230031949,0.53724974,-0.47388294,1608.071743,25.42752808,2
5.108452951,0.53126556,-0.46772656,1608.071743,25.42752808,2
5.727646839,0.522704,-0.45656434,1608.071743,25.42752808,2
5.171299289,0.53547525,-0.47145605,1608.071743,25.42752808,2
5.017707663,0.53127664,-0.46557912,1608.071743,25.42752808,2
5.267417312,0.5206956,-0.4561199,1608.071743,25.42752808,2
4.559317292,0.52726096,-0.45881626,1608.071743,25.42752808,2
4.64770798,0.5289003,-0.45510265,1608.071743,25.42752808,2
5.086805556,0.52380955,-0.45544863,1608.071743,25.42752808,2
4.464716931,0.5299363,-0.46374163,1608.071743,25.42752808,2
4.251527495,0.53286535,-0.46731827,1608.071743,25.42752808,2
4.389774601,0.52206606,-0.46185243,1608.071743,25.42752808,2
4.825017325,0.486293,-0.42388758,1608.071743,25.42752808,2
5.366666667,0.48195106,-0.42138153,1608.071743,25.42752808,2
5.019518543,0.51553625,-0.4529148,1608.071743,25.42752808,2
5.206584893,0.53428286,-0.47000954,1608.071743,25.42752808,2
5.708661417,0.5329101,-0.47192815,1608.071743,25.42752808,2
6.490939044,0.5317139,-0.4649887,1608.071743,25.42752808,2
5.325721961,0.5332885,-0.47239265,1608.071743,25.42752808,2
6.10671113,0.51530075,-0.45589727,1608.071743,25.42752808,2
6.387470998,0.49523297,-0.4345875,1608.071743,25.42752808,2
5.494687915,0.53301126,-0.45922747,1608.071743,25.42752808,2
4.528706084,0.5150235,-0.4430693,1608.071743,25.42752808,2
4.843843844,0.52251375,-0.45330858,1608.071743,25.42752808,2
5.032410136,0.5391414,-0.47044632,1608.071743,25.42752808,2
4.501226492,0.5292421,-0.46111453,1608.071743,25.42752808,2
5.312929849,0.51175886,-0.44957918,1608.071743,25.42752808,2
4.849548646,0.4978548,-0.43293384,1608.071743,25.42752808,2
5.605893186,0.513842,-0.44110557,1608.071743,25.42752808,2
5.179276316,0.5266767,-0.45814696,1608.071743,25.42752808,2
6.106840892,0.53411764,-0.46516854,1608.071743,25.42752808,2
6.057078483,0.53428286,-0.46907708,1608.071743,25.42752808,2
5.767263427,0.5266055,-0.4563972,1608.071743,25.42752808,2
5.793975456,0.52670723,-0.4619618,1608.071743,25.42752808,2
5.360882573,0.5064476,-0.4473863,1608.071743,25.42752808,2
7.06454918,0.4951526,-0.43586206,1608.071743,25.42752808,2
5.066026411,0.53417724,-0.46531662,1608.071743,25.42752808,2
4.678217822,0.5073826,-0.4395129,1608.071743,25.42752808,2
4.934256055,0.4880219,-0.42744583,1608.071743,25.42752808,2
5.476366322,0.4994948,-0.43659246,1608.071743,25.42752808,2
5.651709402,0.5239353,-0.4534005,1608.071743,25.42752808,2
4.700178998,0.52298754,-0.4611465,1608.071743,25.42752808,2
6.422697368,0.52949154,-0.45150393,1608.071743,25.42752808,2
6.848214286,0.521414,-0.4469048,1608.071743,25.42752808,2
5.786,0.50060564,-0.42584676,1608.071743,25.42752808,2
8.143360752,0.48975265,-0.4147651,1608.071743,25.42752808,2
5.696457327,0.49596915,-0.42623225,1608.071743,25.42752808,2
6.550228311,0.4999129,-0.43371087,1608.071743,25.42752808,2
3.002544529,0.47131446,-0.42877293,1581.458054,24.07165434,2
2.790543526,0.4641676,-0.42438328,1581.458054,24.07165434,2
2.457198444,0.46145415,-0.4280614,1581.458054,24.07165434,2
2.303607398,0.45480838,-0.42467692,1581.458054,24.07165434,2
2.600118367,0.46116164,-0.42282793,1581.458054,24.07165434,2
2.403489235,0.45775893,-0.42550984,1581.458054,24.07165434,2
2.777777778,0.47126436,-0.43820226,1581.458054,24.07165434,2
2.680369128,0.46237338,-0.42776403,1581.458054,24.07165434,2
2.574320051,0.44741663,-0.4195867,1581.458054,24.07165434,2
2.661244562,0.48433736,-0.44649446,1581.458054,24.07165434,2
2.673004454,0.5047712,-0.45238838,1581.458054,24.07165434,2
2.847997374,0.53466874,-0.47621164,1581.458054,24.07165434,2
2.908245107,0.5522388,-0.49311456,1581.458054,24.07165434,2
3.265806686,0.55641544,-0.49553838,1581.458054,24.07165434,2
2.520128824,0.44810307,-0.40803897,1581.458054,24.07165434,2
2.404126922,0.44186047,-0.41007698,1581.458054,24.07165434,2
3.240204809,0.49297205,-0.4452459,1581.458054,24.07165434,2
2.760129351,0.4926995,-0.44438967,1581.458054,24.07165434,2
2.557237814,0.479073,-0.44361916,1581.458054,24.07165434,2
2.605762217,0.4888813,-0.44680852,1581.458054,24.07165434,2
2.705142232,0.4944176,-0.44598517,1581.458054,24.07165434,2
3.148809524,0.56029654,-0.49449274,1581.458054,24.07165434,2
3.264150943,0.5792692,-0.5108635,1581.458054,24.07165434,2
3.320114749,0.5806404,-0.51427764,1581.458054,24.07165434,2
3.254021448,0.5790101,-0.5081874,1581.458054,24.07165434,2
3.036757128,0.5525,-0.4939107,1581.458054,24.07165434,2
2.503912363,0.4539007,-0.41794917,1581.458054,24.07165434,2
2.795440284,0.46673653,-0.42930067,1581.458054,24.07165434,2
2.95045045,0.49298665,-0.4498339,1581.458054,24.07165434,2
2.562364425,0.48502994,-0.44859812,1581.458054,24.07165434,2
2.226931855,0.46812886,-0.43325526,1581.458054,24.07165434,2
2.735739232,0.48320767,-0.44050592,1581.458054,24.07165434,2
3.20354748,0.5073655,-0.45454547,1581.458054,24.07165434,2
3.354586981,0.55328834,-0.49305975,1581.458054,24.07165434,2
3.460492932,0.57402676,-0.5069794,1581.458054,24.07165434,2
3.225700165,0.58239144,-0.51071984,1581.458054,24.07165434,2
3.187822165,0.5839481,-0.51702696,1581.458054,24.07165434,2
3.742757822,0.5847918,-0.5115844,1581.458054,24.07165434,2
2.645426516,0.456869,-0.41712707,1581.458054,24.07165434,2
2.679823683,0.47119957,-0.42671677,1581.458054,24.07165434,2
2.493535279,0.47568712,-0.4379399,1581.458054,24.07165434,2
2.406318883,0.4648687,-0.42467645,1581.458054,24.07165434,2
2.385506713,0.4574956,-0.4150685,1581.458054,24.07165434,2
2.917554325,0.48383677,-0.43934202,1581.458054,24.07165434,2
3.428638388,0.5178761,-0.45726424,1581.458054,24.07165434,2
3.614905344,0.5217015,-0.4659337,1581.458054,24.07165434,2
3.300169348,0.5279377,-0.46922827,1581.458054,24.07165434,2
3.065859198,0.5350066,-0.47602412,1581.458054,24.07165434,2
3.229837922,0.5430072,-0.4840543,1581.458054,24.07165434,2
3.43743683,0.54722446,-0.4816641,1581.458054,24.07165434,2
2.953148187,0.48117444,-0.44207165,1581.458054,24.07165434,2
3.109900521,0.46976745,-0.42762816,1581.458054,24.07165434,2
2.811536768,0.4601802,-0.4217544,1581.458054,24.07165434,2
2.492091736,0.45154935,-0.41976175,1581.458054,24.07165434,2
2.904564315,0.46863988,-0.42788625,1581.458054,24.07165434,2
3.161429872,0.4945681,-0.4514009,1581.458054,24.07165434,2
3.497763419,0.5098714,-0.4487313,1581.458054,24.07165434,2
3.612769271,0.50361794,-0.4480836,1581.458054,24.07165434,2
3.152873563,0.49611142,-0.4502104,1581.458054,24.07165434,2
3.096683793,0.4839416,-0.43929204,1581.458054,24.07165434,2
3.096727623,0.4764902,-0.4309293,1581.458054,24.07165434,2
3.58774523,0.48352048,-0.43568173,1581.458054,24.07165434,2
2.692377993,0.5025588,-0.46360916,1581.458054,24.07165434,2
2.871403406,0.50017047,-0.46130854,1581.458054,24.07165434,2
2.71701051,0.48743016,-0.4445575,1581.458054,24.07165434,2
2.765851719,0.4817379,-0.43865547,1581.458054,24.07165434,2
2.444767442,0.45304364,-0.4161708,1581.458054,24.07165434,2
2.790746144,0.4733121,-0.42471373,1581.458054,24.07165434,2
3.157298277,0.49839,-0.45517722,1581.458054,24.07165434,2
3.218430826,0.5020822,-0.44756588,1581.458054,24.07165434,2
3.703215604,0.50485086,-0.45694903,1581.458054,24.07165434,2
3.482165769,0.492559,-0.4430602,1581.458054,24.07165434,2
3.444924406,0.47647497,-0.43312794,1581.458054,24.07165434,2
3.306233062,0.46529368,-0.41588354,1581.458054,24.07165434,2
3.466042155,0.45608628,-0.4091333,1581.458054,24.07165434,2
2.73460961,0.49914354,-0.46110183,1581.458054,24.07165434,2
2.911209553,0.51193905,-0.46842104,1581.458054,24.07165434,2
3.194918873,0.5097939,-0.46246493,1581.458054,24.07165434,2
2.989281461,0.5063887,-0.45454547,1581.458054,24.07165434,2
2.637707948,0.49257854,-0.4394141,1581.458054,24.07165434,2
2.917166867,0.503801,-0.44825292,1581.458054,24.07165434,2
3.171996543,0.51256984,-0.46055293,1581.458054,24.07165434,2
3.354700855,0.5055456,-0.45303866,1581.458054,24.07165434,2
3.04150454,0.5023206,-0.45655936,1581.458054,24.07165434,2
3.947140381,0.49555758,-0.4409504,1581.458054,24.07165434,2
4.098489616,0.4839309,-0.42515612,1581.458054,24.07165434,2
3.090676884,0.45972645,-0.4151013,1581.458054,24.07165434,2
3.247206704,0.45066872,-0.40491834,1581.458054,24.07165434,2
2.543773362,0.4652753,-0.42877194,1581.458054,24.07165434,2
3.011410788,0.4997418,-0.4481383,1581.458054,24.07165434,2
3.255939525,0.5154727,-0.4636724,1581.458054,24.07165434,2
2.966336634,0.5126626,-0.46212372,1581.458054,24.07165434,2
2.784621127,0.5067935,-0.45825115,1581.458054,24.07165434,2
3.179172057,0.50818545,-0.45406213,1581.458054,24.07165434,2
3.178370178,0.5082308,-0.45454547,1581.458054,24.07165434,2
3.182316806,0.506902,-0.45749536,1581.458054,24.07165434,2
2.886497065,0.5091474,-0.45806235,1581.458054,24.07165434,2
3.76516129,0.51427567,-0.4525782,1581.458054,24.07165434,2
3.169889503,0.4947898,-0.44645342,1581.458054,24.07165434,2
3.464079273,0.47285366,-0.41977546,1581.458054,24.07165434,2
3.82183908,0.4577438,-0.4147337,1581.458054,24.07165434,2
3.086155165,0.49723756,-0.4434088,1581.458054,24.07165434,2
3.199647422,0.5,-0.4491018,1581.458054,24.07165434,2
3.248624862,0.5092257,-0.45527104,1581.458054,24.07165434,2
3.204303461,0.50657547,-0.45282382,1581.458054,24.07165434,2
2.926728586,0.4954577,-0.44667906,1581.458054,24.07165434,2
2.874386252,0.49143058,-0.44493392,1581.458054,24.07165434,2
3.186837456,0.5029627,-0.44843802,1581.458054,24.07165434,2
2.936443267,0.5021773,-0.45185184,1581.458054,24.07165434,2
2.946764298,0.5101062,-0.45960265,1581.458054,24.07165434,2
3.127222442,0.5267887,-0.4695708,1581.458054,24.07165434,2
3.171619163,0.52739495,-0.4643893,1581.458054,24.07165434,2
3.720806794,0.50178957,-0.4350205,1581.458054,24.07165434,2
3.624058052,0.4806589,-0.43087104,1581.458054,24.07165434,2
2.959392945,0.5008678,-0.44833362,1581.458054,24.07165434,2
3.102102102,0.51744866,-0.4615632,1581.458054,24.07165434,2
3.348203804,0.4989503,-0.44999152,1581.458054,24.07165434,2
3.131952017,0.5035063,-0.4476705,1581.458054,24.07165434,2
3.152654867,0.50052685,-0.45207343,1581.458054,24.07165434,2
3.072625698,0.5003499,-0.4481594,1581.458054,24.07165434,2
2.780597306,0.4960822,-0.44500506,1581.458054,24.07165434,2
3.057219583,0.5040872,-0.4521539,1581.458054,24.07165434,2
3.274920346,0.49740753,-0.45101324,1581.458054,24.07165434,2
3.027959548,0.5143146,-0.45879298,1581.458054,24.07165434,2
3.106179286,0.5508566,-0.48925447,1581.458054,24.07165434,2
3.200918079,0.5522388,-0.48984066,1581.458054,24.07165434,2
3.174054884,0.53251773,-0.4709518,1581.458054,24.07165434,2
3.224398552,0.51557446,-0.4591937,1581.458054,24.07165434,2
2.909895083,0.49225682,-0.4408602,1608.071743,25.42752808,2
3.317706062,0.5108276,-0.45489815,1608.071743,25.42752808,2
3.563078422,0.5078098,-0.4446292,1608.071743,25.42752808,2
3.475254731,0.50307286,-0.44423825,1608.071743,25.42752808,2
3.33410943,0.5021038,-0.44485667,1608.071743,25.42752808,2
3.595820591,0.4980586,-0.44206592,1608.071743,25.42752808,2
3.258918297,0.4930362,-0.44207165,1608.071743,25.42752808,2
3.090336134,0.49746364,-0.44919,1608.071743,25.42752808,2
2.722364568,0.49907735,-0.4520637,1608.071743,25.42752808,2
3.00036523,0.5298291,-0.4660074,1608.071743,25.42752808,2
3.126121716,0.56220657,-0.49550563,1608.071743,25.42752808,2
3.192405063,0.5588713,-0.48955393,1608.071743,25.42752808,2
3.262165801,0.53875476,-0.47727966,1608.071743,25.42752808,2
3.398058252,0.52204174,-0.4661558,1608.071743,25.42752808,2
2.798219585,0.48953107,-0.4394649,1608.071743,25.42752808,2
3.007578779,0.51153326,-0.45620915,1608.071743,25.42752808,2
3.449167791,0.5218649,-0.4638298,1608.071743,25.42752808,2
4.325117371,0.5164681,-0.45332438,1608.071743,25.42752808,2
3.202659331,0.49276897,-0.44486174,1608.071743,25.42752808,2
3.486262312,0.48398703,-0.43593314,1608.071743,25.42752808,2
3.50473435,0.4780269,-0.4295628,1608.071743,25.42752808,2
2.992540588,0.476257,-0.4371176,1608.071743,25.42752808,2
2.869056748,0.49825203,-0.45489815,1608.071743,25.42752808,2
3.06923626,0.5361596,-0.4765543,1608.071743,25.42752808,2
3.127757041,0.5518635,-0.48879954,1608.071743,25.42752808,2
3.152521307,0.54926527,-0.48341233,1608.071743,25.42752808,2
3.137970792,0.5296789,-0.47651848,1608.071743,25.42752808,2
3.23030176,0.51684827,-0.45794392,1608.071743,25.42752808,2
2.987923226,0.48401746,-0.43126684,1608.071743,25.42752808,2
2.885217051,0.5017854,-0.4502463,1608.071743,25.42752808,2
3.240816327,0.5272244,-0.4687101,1608.071743,25.42752808,2
3.264917478,0.52110773,-0.4583131,1608.071743,25.42752808,2
3.218546027,0.49756438,-0.44818303,1608.071743,25.42752808,2
3.075085324,0.48536542,-0.43810847,1608.071743,25.42752808,2
3.243512974,0.47033286,-0.42546475,1608.071743,25.42752808,2
2.845991561,0.4738321,-0.4330601,1608.071743,25.42752808,2
2.857664234,0.5147929,-0.46564886,1608.071743,25.42752808,2
3.204007286,0.54678273,-0.48139328,1608.071743,25.42752808,2
3.20899827,0.53305656,-0.47397512,1608.071743,25.42752808,2
3.153861269,0.52744,-0.47696218,1608.071743,25.42752808,2
3.387130147,0.5282349,-0.4747003,1608.071743,25.42752808,2
2.916183855,0.5077337,-0.4473854,1608.071743,25.42752808,2
3.152266895,0.49696562,-0.440623,1608.071743,25.42752808,2
2.802824552,0.5085414,-0.45316455,1608.071743,25.42752808,2
2.871243885,0.5233243,-0.46523738,1608.071743,25.42752808,2
2.923683268,0.52307695,-0.4648582,1608.071743,25.42752808,2
3.176638177,0.51298064,-0.45558015,1608.071743,25.42752808,2
3.111409998,0.4859944,-0.43596685,1608.071743,25.42752808,2
2.878054149,0.47091663,-0.42448553,1608.071743,25.42752808,2
2.915811088,0.49100968,-0.44093567,1608.071743,25.42752808,2
2.922077922,0.5304237,-0.47679067,1608.071743,25.42752808,2
3.197914794,0.55094457,-0.48561257,1608.071743,25.42752808,2
3.171378092,0.5278549,-0.46905434,1608.071743,25.42752808,2
3.410013532,0.5128901,-0.4596629,1608.071743,25.42752808,2
3.221134231,0.52198344,-0.46112347,1608.071743,25.42752808,2
3.221036246,0.49479076,-0.4385273,1608.071743,25.42752808,2
2.727111427,0.50048846,-0.44769084,1608.071743,25.42752808,2
3.075675676,0.53393805,-0.47267267,1608.071743,25.42752808,2
2.897884882,0.5262081,-0.46864587,1608.071743,25.42752808,2
2.658781594,0.5168504,-0.46294045,1608.071743,25.42752808,2
2.77478085,0.5192429,-0.4656117,1608.071743,25.42752808,2
3.065144766,0.52320606,-0.4640682,1608.071743,25.42752808,2
3.207637232,0.47457626,-0.4240409,1608.071743,25.42752808,2
2.934908501,0.4598911,-0.40925017,1608.071743,25.42752808,2
3.104468476,0.5108276,-0.45208132,1608.071743,25.42752808,2
3.352407261,0.54298496,-0.4803005,1608.071743,25.42752808,2
3.324282389,0.5448188,-0.47653046,1608.071743,25.42752808,2
3.336857687,0.5263509,-0.45802134,1608.071743,25.42752808,2
3.367962466,0.51476866,-0.44919962,1608.071743,25.42752808,2
3.324983664,0.51684445,-0.46023467,1608.071743,25.42752808,2
3.333333333,0.5022253,-0.45201853,1608.071743,25.42752808,2
2.929273828,0.50637466,-0.45271122,1608.071743,25.42752808,2
3.267999224,0.53223765,-0.46553808,1608.071743,25.42752808,2
2.623318386,0.5154185,-0.46138674,1608.071743,25.42752808,2
2.862840298,0.521643,-0.46695095,1608.071743,25.42752808,2
2.851454294,0.5177617,-0.46391752,1608.071743,25.42752808,2
3.011945392,0.51650137,-0.45228088,1608.071743,25.42752808,2
2.740301724,0.45663494,-0.41669577,1608.071743,25.42752808,2
2.613835377,0.438326,-0.4045528,1608.071743,25.42752808,2
2.776379477,0.49075976,-0.45054945,1608.071743,25.42752808,2
3.091537133,0.52975994,-0.47823325,1608.071743,25.42752808,2
3.230017939,0.53526014,-0.46925873,1608.071743,25.42752808,2
3.471843778,0.51953787,-0.4602449,1608.071743,25.42752808,2
3.531079855,0.52380955,-0.4644243,1608.071743,25.42752808,2
3.601108033,0.527027,-0.46896327,1608.071743,25.42752808,2
2.975222993,0.5128118,-0.46162733,1608.071743,25.42752808,2
2.951454477,0.51305205,-0.4573055,1608.071743,25.42752808,2
2.901005823,0.5235669,-0.46210268,1608.071743,25.42752808,2
2.87471039,0.5151709,-0.46104097,1608.071743,25.42752808,2
2.939453125,0.52182823,-0.4661403,1608.071743,25.42752808,2
3.034337128,0.5223645,-0.46138674,1608.071743,25.42752808,2
2.958866899,0.5011502,-0.45154116,1608.071743,25.42752808,2
2.58677011,0.44945017,-0.42097026,1608.071743,25.42752808,2
2.813741528,0.43813682,-0.4074074,1608.071743,25.42752808,2
3.333333333,0.48927337,-0.44575074,1608.071743,25.42752808,2
2.924664976,0.5269168,-0.47216105,1608.071743,25.42752808,2
3.37817314,0.52195776,-0.46735618,1608.071743,25.42752808,2
3.783783784,0.51006246,-0.45357382,1608.071743,25.42752808,2
3.46295894,0.5323981,-0.47098428,1608.071743,25.42752808,2
3.696337618,0.5284327,-0.46737683,1608.071743,25.42752808,2
3.599493029,0.50497866,-0.44486174,1608.071743,25.42752808,2
3.135757107,0.51996154,-0.46931183,1608.071743,25.42752808,2
2.775919732,0.5101909,-0.45783886,1608.071743,25.42752808,2
2.687590188,0.49370444,-0.44765574,1608.071743,25.42752808,2
2.934940196,0.5163399,-0.46338463,1608.071743,25.42752808,2
3.191575537,0.5143603,-0.45591465,1608.071743,25.42752808,2
3.084642234,0.4812798,-0.43630362,1608.071743,25.42752808,2
2.622469636,0.4554403,-0.42316946,1608.071743,25.42752808,2
2.716831683,0.47441217,-0.4323144,1608.071743,25.42752808,2
3.424049192,0.5099203,-0.45063537,1608.071743,25.42752808,2
3.451901566,0.51830703,-0.46160066,1608.071743,25.42752808,2
3.379266483,0.5260726,-0.46980292,1608.071743,25.42752808,2
3.077075884,0.5192759,-0.4609929,1608.071743,25.42752808,2
3.15637265,0.520436,-0.46673238,1608.071743,25.42752808,2
3.355127323,0.5103821,-0.4604353,1608.071743,25.42752808,2
3.883903533,0.4962379,-0.43776897,1608.071743,25.42752808,2
2.815968493,0.50889677,-0.45863956,1608.071743,25.42752808,2
2.712869362,0.48112395,-0.43056944,1608.071743,25.42752808,2
2.497973247,0.44406414,-0.4112676,1608.071743,25.42752808,2
2.83974359,0.46355075,-0.4228552,1608.071743,25.42752808,2
3.000591833,0.5064935,-0.4511628,1608.071743,25.42752808,2
2.901717557,0.51032054,-0.4553687,1608.071743,25.42752808,2
3.463280877,0.5051295,-0.44676584,1608.071743,25.42752808,2
3.023304203,0.4991412,-0.4450331,1608.071743,25.42752808,2
3.019790972,0.47649124,-0.42692438,1608.071743,25.42752808,2
3.477171492,0.4550091,-0.4083216,1608.071743,25.42752808,2
3.224504769,0.4699697,-0.41962135,1608.071743,25.42752808,2
3.373205742,0.49612948,-0.43213204,1608.071743,25.42752808,2
3.285788382,0.4605598,-0.41778407,1581.458054,24.07165434,2
3.070306657,0.45300716,-0.4122274,1581.458054,24.07165434,2
2.723855848,0.4506218,-0.41541755,1581.458054,24.07165434,2
2.554979253,0.44546935,-0.41351256,1581.458054,24.07165434,2
2.84765279,0.45186228,-0.41264957,1581.458054,24.07165434,2
2.63662912,0.44854507,-0.4144144,1581.458054,24.07165434,2
3.033851148,0.46212256,-0.4270941,1581.458054,24.07165434,2
2.970945463,0.45191088,-0.41550416,1581.458054,24.07165434,2
2.861257801,0.43727073,-0.4073276,1581.458054,24.07165434,2
2.91152701,0.4728843,-0.43375924,1581.458054,24.07165434,2
2.906023637,0.49440572,-0.44225353,1581.458054,24.07165434,2
3.072278134,0.52191484,-0.46411484,1581.458054,24.07165434,2
3.129239557,0.53855604,-0.4803429,1581.458054,24.07165434,2
3.545621555,0.5423041,-0.48170367,1581.458054,24.07165434,2
2.771985494,0.43913823,-0.39846477,1581.458054,24.07165434,2
2.64957265,0.4334887,-0.39985994,1581.458054,24.07165434,2
3.532418953,0.4818847,-0.43383804,1581.458054,24.07165434,2
3.004232804,0.48208526,-0.43387547,1581.458054,24.07165434,2
2.788461538,0.4676608,-0.4316644,1581.458054,24.07165434,2
2.830859931,0.47761962,-0.43528235,1581.458054,24.07165434,2
2.958163265,0.4840541,-0.43493703,1581.458054,24.07165434,2
3.379594899,0.5477204,-0.48346686,1581.458054,24.07165434,2
3.4678289,0.5657528,-0.498737,1581.458054,24.07165434,2
3.563304121,0.56723064,-0.5012795,1581.458054,24.07165434,2
3.502141128,0.5646953,-0.49555236,1581.458054,24.07165434,2
3.277735417,0.5392818,-0.48098975,1581.458054,24.07165434,2
2.747252747,0.44452348,-0.40772828,1581.458054,24.07165434,2
3.033472803,0.45709282,-0.41882673,1581.458054,24.07165434,2
3.206645426,0.482039,-0.43872467,1581.458054,24.07165434,2
2.821194763,0.47404605,-0.43555406,1581.458054,24.07165434,2
2.42633685,0.45779,-0.42168674,1581.458054,24.07165434,2
2.992185804,0.47249356,-0.42890403,1581.458054,24.07165434,2
3.50860189,0.4958904,-0.4430129,1581.458054,24.07165434,2
3.632887189,0.53943217,-0.48013344,1581.458054,24.07165434,2
3.707932692,0.5600605,-0.4942762,1581.458054,24.07165434,2
3.465680905,0.56815803,-0.4984272,1581.458054,24.07165434,2
3.427448177,0.5698158,-0.5041275,1581.458054,24.07165434,2
4.027777778,0.5693197,-0.4979663,1581.458054,24.07165434,2
2.901078724,0.44822696,-0.40754783,1581.458054,24.07165434,2
2.937725632,0.46007067,-0.41555327,1581.458054,24.07165434,2
2.741801577,0.46530467,-0.42587832,1581.458054,24.07165434,2
2.634331419,0.45493183,-0.4141136,1581.458054,24.07165434,2
2.642175176,0.4483973,-0.4055717,1581.458054,24.07165434,2
3.202287348,0.47323942,-0.4284739,1581.458054,24.07165434,2
3.814735718,0.5047686,-0.4443126,1581.458054,24.07165434,2
4.00926683,0.50846875,-0.45248795,1581.458054,24.07165434,2
3.610383425,0.51424694,-0.4557313,1581.458054,24.07165434,2
3.353344768,0.5199468,-0.46163684,1581.458054,24.07165434,2
3.529867257,0.5275252,-0.4689984,1581.458054,24.07165434,2
3.731073446,0.53309655,-0.4690594,1581.458054,24.07165434,2
3.195621469,0.47029275,-0.43064216,1581.458054,24.07165434,2
3.452253219,0.45980707,-0.41629115,1581.458054,24.07165434,2
3.134533633,0.4508182,-0.41098285,1581.458054,24.07165434,2
2.747767857,0.44169357,-0.40809533,1581.458054,24.07165434,2
3.20437239,0.4587656,-0.41715068,1581.458054,24.07165434,2
3.506325846,0.48258707,-0.43812478,1581.458054,24.07165434,2
3.871830986,0.49629897,-0.43540007,1581.458054,24.07165434,2
4.049955397,0.49098775,-0.43561265,1581.458054,24.07165434,2
3.506698188,0.482821,-0.43658024,1581.458054,24.07165434,2
3.46122887,0.47080293,-0.42553943,1581.458054,24.07165434,2
3.480662983,0.46460176,-0.41806498,1581.458054,24.07165434,2
4.017857143,0.47128928,-0.42298287,1581.458054,24.07165434,2
2.945219532,0.4915254,-0.45103264,1581.458054,24.07165434,2
3.147129976,0.48923078,-0.4491018,1581.458054,24.07165434,2
2.991641003,0.47619048,-0.43206522,1581.458054,24.07165434,2
3.051685393,0.47120056,-0.42736912,1581.458054,24.07165434,2
2.707423581,0.44412607,-0.4065934,1581.458054,24.07165434,2
3.061843641,0.46327683,-0.41385192,1581.458054,24.07165434,2
3.512747875,0.48644793,-0.44221452,1581.458054,24.07165434,2
3.578767123,0.4898143,-0.43522057,1581.458054,24.07165434,2
4.12808178,0.49193838,-0.44282743,1581.458054,24.07165434,2
3.926244076,0.48051476,-0.43047285,1581.458054,24.07165434,2
3.8918412,0.4640328,-0.41907513,1581.458054,24.07165434,2
3.774417139,0.45413193,-0.40384263,1581.458054,24.07165434,2
3.963871847,0.44508228,-0.39722478,1581.458054,24.07165434,2
3.001270379,0.4877,-0.4480911,1581.458054,24.07165434,2
3.182015168,0.49957475,-0.45526576,1581.458054,24.07165434,2
3.535047296,0.4980352,-0.44973546,1581.458054,24.07165434,2
3.26521546,0.4949495,-0.44296393,1581.458054,24.07165434,2
2.90625,0.48153263,-0.42781106,1581.458054,24.07165434,2
3.210812033,0.49143153,-0.436,1581.458054,24.07165434,2
3.508858268,0.4989503,-0.44705287,1581.458054,24.07165434,2
3.757806136,0.4935806,-0.44066048,1581.458054,24.07165434,2
3.402571711,0.4900285,-0.44350526,1581.458054,24.07165434,2
4.484501348,0.48242116,-0.42782336,1581.458054,24.07165434,2
4.672161172,0.47162136,-0.41310138,1581.458054,24.07165434,2
3.495145631,0.4486405,-0.40255943,1581.458054,24.07165434,2
3.735294118,0.44012323,-0.39344263,1581.458054,24.07165434,2
2.815566459,0.454873,-0.4168421,1581.458054,24.07165434,2
3.325499412,0.4884363,-0.43637574,1581.458054,24.07165434,2
3.606016141,0.5040164,-0.45118734,1581.458054,24.07165434,2
3.253348214,0.5000858,-0.44912165,1581.458054,24.07165434,2
3.049779458,0.4945504,-0.44579902,1581.458054,24.07165434,2
3.512123439,0.49550796,-0.44170552,1581.458054,24.07165434,2
3.524185587,0.49583334,-0.44200838,1581.458054,24.07165434,2
3.517737534,0.49476624,-0.44485667,1581.458054,24.07165434,2
3.172161983,0.49593496,-0.44470432,1581.458054,24.07165434,2
4.203972725,0.50035286,-0.4394042,1581.458054,24.07165434,2
3.507287871,0.4825425,-0.433518,1581.458054,24.07165434,2
3.916217074,0.461136,-0.4082478,1581.458054,24.07165434,2
4.388059701,0.44680852,-0.40257826,1581.458054,24.07165434,2
3.411635833,0.48553613,-0.43171954,1581.458054,24.07165434,2
3.532041729,0.4893324,-0.43787375,1581.458054,24.07165434,2
3.583354099,0.49689013,-0.443038,1581.458054,24.07165434,2
3.564544763,0.49376428,-0.44013548,1581.458054,24.07165434,2
3.229726572,0.48355493,-0.4343708,1581.458054,24.07165434,2
3.209934396,0.48002803,-0.43259284,1581.458054,24.07165434,2
3.544879899,0.48986724,-0.43569022,1581.458054,24.07165434,2
3.259259259,0.4902507,-0.4393812,1581.458054,24.07165434,2
3.24300112,0.49725273,-0.44658262,1581.458054,24.07165434,2
3.418299199,0.5131161,-0.45618266,1581.458054,24.07165434,2
3.473959518,0.5138772,-0.4516129,1581.458054,24.07165434,2
4.168187348,0.4892022,-0.42364785,1581.458054,24.07165434,2
4.094716495,0.46848506,-0.41829833,1581.458054,24.07165434,2
3.262279889,0.48956886,-0.43661973,1581.458054,24.07165434,2
3.372715114,0.5058509,-0.4498632,1581.458054,24.07165434,2
3.734534696,0.4869367,-0.43777552,1581.458054,24.07165434,2
3.483453595,0.49157304,-0.43562013,1581.458054,24.07165434,2
3.489190548,0.488045,-0.43945578,1581.458054,24.07165434,2
3.400537634,0.4878177,-0.43523842,1581.458054,24.07165434,2
3.058006176,0.48385972,-0.43285593,1581.458054,24.07165434,2
3.379868606,0.49205807,-0.44015825,1581.458054,24.07165434,2
3.599176743,0.48492202,-0.43806645,1581.458054,24.07165434,2
3.326228405,0.50126797,-0.44625407,1581.458054,24.07165434,2
3.348128136,0.5379845,-0.47728965,1581.458054,24.07165434,2
3.457613815,0.53949785,-0.47795415,1581.458054,24.07165434,2
3.443010753,0.5186265,-0.45816484,1581.458054,24.07165434,2
3.577166504,0.50213563,-0.4455771,1581.458054,24.07165434,2
3.214368482,0.4820994,-0.43039247,1608.071743,25.42752808,2
3.661378285,0.49848127,-0.44249514,1608.071743,25.42752808,2
3.937465412,0.49530107,-0.4329553,1608.071743,25.42752808,2
3.858441201,0.49140653,-0.43261456,1608.071743,25.42752808,2
3.710916799,0.490457,-0.43299663,1608.071743,25.42752808,2
4.034472685,0.4864389,-0.43050846,1608.071743,25.42752808,2
3.595461659,0.48106787,-0.42991912,1608.071743,25.42752808,2
3.40957827,0.48590833,-0.43711,1608.071743,25.42752808,2
2.972473295,0.48736948,-0.4398435,1608.071743,25.42752808,2
3.259629101,0.51721907,-0.45443273,1608.071743,25.42752808,2
3.34897149,0.54911244,-0.4832861,1608.071743,25.42752808,2
3.402004454,0.5456981,-0.47793907,1608.071743,25.42752808,2
3.552745352,0.5253316,-0.46470228,1608.071743,25.42752808,2
3.725990761,0.50888264,-0.45314997,1608.071743,25.42752808,2
3.098180184,0.47865325,-0.4280925,1608.071743,25.42752808,2
3.307899461,0.50033945,-0.44444445,1608.071743,25.42752808,2
3.817533129,0.50987065,-0.4515707,1608.071743,25.42752808,2
4.861486486,0.50367516,-0.44112715,1608.071743,25.42752808,2
3.526831785,0.4811686,-0.43275452,1608.071743,25.42752808,2
3.872764585,0.47330707,-0.42480943,1608.071743,25.42752808,2
3.936106088,0.4674302,-0.41794917,1608.071743,25.42752808,2
3.310895039,0.464986,-0.42434043,1608.071743,25.42752808,2
3.150714595,0.48678488,-0.44238883,1608.071743,25.42752808,2
3.308330043,0.5244055,-0.46526316,1608.071743,25.42752808,2
3.366252822,0.53924966,-0.47736803,1608.071743,25.42752808,2
3.415116739,0.536358,-0.47142857,1608.071743,25.42752808,2
3.407970859,0.5168156,-0.4642409,1608.071743,25.42752808,2
3.538915094,0.503608,-0.44469526,1608.071743,25.42752808,2
3.272990587,0.47346368,-0.42039716,1608.071743,25.42752808,2
3.14680711,0.4894198,-0.4383652,1608.071743,25.42752808,2
3.566142461,0.5143429,-0.45559475,1608.071743,25.42752808,2
3.592814371,0.5081301,-0.44639376,1608.071743,25.42752808,2
3.583934089,0.48535565,-0.43530998,1608.071743,25.42752808,2
3.428128232,0.4745884,-0.42634585,1608.071743,25.42752808,2
3.600113122,0.45940095,-0.4134918,1608.071743,25.42752808,2
3.164100096,0.46286517,-0.42109764,1608.071743,25.42752808,2
3.126413155,0.5024777,-0.45349953,1608.071743,25.42752808,2
3.44911147,0.53375,-0.46946108,1608.071743,25.42752808,2
3.464407502,0.5205765,-0.46204773,1608.071743,25.42752808,2
3.458546344,0.51387054,-0.4638352,1608.071743,25.42752808,2
3.68664661,0.5153672,-0.4619226,1608.071743,25.42752808,2
3.2,0.49528936,-0.4358643,1608.071743,25.42752808,2
3.472524812,0.48569494,-0.42978168,1608.071743,25.42752808,2
3.042071197,0.4966975,-0.44193447,1608.071743,25.42752808,2
3.10947205,0.5118211,-0.4542102,1608.071743,25.42752808,2
3.191745141,0.512054,-0.45409584,1608.071743,25.42752808,2
3.486796785,0.5012378,-0.44449738,1608.071743,25.42752808,2
3.457011259,0.47420147,-0.42372882,1608.071743,25.42752808,2
3.207357017,0.4590696,-0.41172364,1608.071743,25.42752808,2
3.212962963,0.47994468,-0.42904842,1608.071743,25.42752808,2
3.168945313,0.5184534,-0.4648582,1608.071743,25.42752808,2
3.465027212,0.53701967,-0.47261298,1608.071743,25.42752808,2
3.456694653,0.5140463,-0.4552345,1608.071743,25.42752808,2
3.742346939,0.49948928,-0.44606796,1608.071743,25.42752808,2
3.523721787,0.50830567,-0.44816586,1608.071743,25.42752808,2
3.55895749,0.48209083,-0.42612138,1608.071743,25.42752808,2
2.976475279,0.48934776,-0.43638375,1608.071743,25.42752808,2
3.360422592,0.52176654,-0.46071157,1608.071743,25.42752808,2
3.14052795,0.5136508,-0.45632255,1608.071743,25.42752808,2
2.909656181,0.5052398,-0.4513166,1608.071743,25.42752808,2
3.019689512,0.5071542,-0.45376477,1608.071743,25.42752808,2
3.309729064,0.51231134,-0.45365706,1608.071743,25.42752808,2
3.539205156,0.46441156,-0.4131248,1608.071743,25.42752808,2
3.258250393,0.45007235,-0.39944133,1608.071743,25.42752808,2
3.386431355,0.4980617,-0.43958536,1608.071743,25.42752808,2
3.65547153,0.5287116,-0.4671195,1608.071743,25.42752808,2
3.628608924,0.53088,-0.46389228,1608.071743,25.42752808,2
3.679971147,0.51264447,-0.44535124,1608.071743,25.42752808,2
3.729071537,0.5017065,-0.4379085,1608.071743,25.42752808,2
3.691962057,0.50289017,-0.44633508,1608.071743,25.42752808,2
3.686803215,0.4886598,-0.4380083,1608.071743,25.42752808,2
3.201013514,0.4960733,-0.4424988,1608.071743,25.42752808,2
3.563368056,0.5206087,-0.45465574,1608.071743,25.42752808,2
2.842423166,0.5050505,-0.45100427,1608.071743,25.42752808,2
3.115325077,0.5104629,-0.45532304,1608.071743,25.42752808,2
3.109520124,0.50710005,-0.45299664,1608.071743,25.42752808,2
3.28125,0.5043294,-0.44100156,1608.071743,25.42752808,2
3.0269876,0.44639656,-0.40557492,1608.071743,25.42752808,2
2.897011608,0.42919868,-0.3940043,1608.071743,25.42752808,2
3.057797165,0.47980836,-0.4382172,1608.071743,25.42752808,2
3.366209262,0.51678735,-0.46494994,1608.071743,25.42752808,2
3.512461059,0.521732,-0.45696202,1608.071743,25.42752808,2
3.83744856,0.5067935,-0.44778067,1608.071743,25.42752808,2
3.893737166,0.5106025,-0.4519573,1608.071743,25.42752808,2
4.001054296,0.5131846,-0.4553731,1608.071743,25.42752808,2
3.26571556,0.4998294,-0.44795784,1608.071743,25.42752808,2
3.260497001,0.501648,-0.44611967,1608.071743,25.42752808,2
3.168257757,0.51074064,-0.45051563,1608.071743,25.42752808,2
3.119028662,0.50337297,-0.44936514,1608.071743,25.42752808,2
3.207828333,0.5106753,-0.45521024,1608.071743,25.42752808,2
3.296152272,0.5107024,-0.45044908,1608.071743,25.42752808,2
3.2443912,0.49020898,-0.4406618,1608.071743,25.42752808,2
2.874070632,0.43974406,-0.40869564,1608.071743,25.42752808,2
3.144904459,0.42950344,-0.3970953,1608.071743,25.42752808,2
3.642838301,0.4776894,-0.43403828,1608.071743,25.42752808,2
3.183383992,0.51390254,-0.45901638,1608.071743,25.42752808,2
3.704789834,0.5087248,-0.45454547,1608.071743,25.42752808,2
4.230542453,0.49740034,-0.44072035,1608.071743,25.42752808,2
3.814649839,0.51754236,-0.45595104,1608.071743,25.42752808,2
4.113573407,0.5143748,-0.45345744,1608.071743,25.42752808,2
4.026689875,0.4921986,-0.4317795,1608.071743,25.42752808,2
3.449408673,0.50790066,-0.45669782,1608.071743,25.42752808,2
3.03306276,0.4980494,-0.44542032,1608.071743,25.42752808,2
2.962436548,0.483593,-0.43668753,1608.071743,25.42752808,2
3.212678937,0.50401026,-0.4513932,1608.071743,25.42752808,2
3.524289643,0.5029431,-0.44437462,1608.071743,25.42752808,2
3.422222222,0.47110808,-0.42555994,1608.071743,25.42752808,2
2.913133165,0.44612145,-0.41192597,1608.071743,25.42752808,2
3.016194332,0.46385333,-0.42013422,1608.071743,25.42752808,2
3.793236964,0.49805117,-0.4388021,1608.071743,25.42752808,2
3.790874525,0.5044696,-0.44805196,1608.071743,25.42752808,2
3.725090036,0.51297736,-0.45686087,1608.071743,25.42752808,2
3.38517016,0.5057239,-0.4477177,1608.071743,25.42752808,2
3.5014171,0.506751,-0.4523888,1608.071743,25.42752808,2
3.713465553,0.4966841,-0.44620574,1608.071743,25.42752808,2
4.421258559,0.4842857,-0.42524007,1608.071743,25.42752808,2
3.071699621,0.49773464,-0.44715446,1608.071743,25.42752808,2
3.015418502,0.47093225,-0.41941908,1608.071743,25.42752808,2
2.80102278,0.43423423,-0.39992964,1608.071743,25.42752808,2
3.161621094,0.45263892,-0.4107264,1608.071743,25.42752808,2
3.299977763,0.49466667,-0.43948635,1608.071743,25.42752808,2
3.178800857,0.49823797,-0.44372573,1608.071743,25.42752808,2
3.872375239,0.49305555,-0.43452877,1608.071743,25.42752808,2
3.330595964,0.48738196,-0.4332506,1608.071743,25.42752808,2
3.350672418,0.46439248,-0.4144022,1608.071743,25.42752808,2
3.922580645,0.4434719,-0.39611992,1608.071743,25.42752808,2
3.584722222,0.4593344,-0.4084507,1608.071743,25.42752808,2
3.718783931,0.48273432,-0.4197031,1608.071743,25.42752808,2
